type,meisu_last_digit,theme,basic,love,work
金の羅針盤座,0,誠実さで道を切り拓く理想主義者,"あなたは理想に向かって真っすぐ進む誠実なタイプです。どんな状況でも手を抜かず、目標を定めたら最後まで努力を重ねる根気強さを持っています。人に頼るより自分で解決しようとするため、孤独を感じることもありますが、あなたの誠実さと責任感は周囲から信頼を集めます。理屈よりも「正しいこと」に価値を置き、筋を通す姿勢が魅力です。完璧を求めすぎず、柔軟な考えを取り入れることで、運がより開けていくでしょう。","恋愛では一途で誠実。相手に対して真剣に向き合い、軽い関係を好みません。信頼関係を築くことを最優先するため、恋が進展するまで時間がかかることもありますが、心が通じ合った相手とは深い絆を築けます。自分の価値観を押しつけすぎず、相手のペースを尊重することで愛が長続きするでしょう。","仕事運では、あなたの誠実さと一貫した努力が大きな武器となります。与えられた役割を丁寧にこなし、細部まで気を配る姿勢は周囲から高い評価を受けるでしょう。派手さはありませんが、時間をかけて築く信頼は揺るぎなく、重要な場面で頼られる存在となります。一方で、完璧を求めすぎるあまり自分を追い込みやすく、心身の疲れに気づきにくい面もあります。計画を詰め込みすぎず、適度に休息を取りながら進めることが成功の鍵。焦らず丁寧に積み上げていく姿勢が、最終的に大きな成果と安定した立場を引き寄せるでしょう。"
金の羅針盤座,1,真っすぐな意志で信頼を築く堅実家,"あなたはどんな時も誠実に行動し、周囲から信頼を集める堅実なタイプです。責任感が強く、与えられた役割を丁寧にこなします。慎重で計画的なため、突発的な変化よりも安定を重んじる傾向があります。自分の中に確かな信念を持っており、その信念がぶれない強さがあなたの魅力です。焦らず着実に進むことで、確かな成功をつかむでしょう。","恋愛では誠実さが際立ちます。軽い恋愛には興味を持たず、信頼できる相手と真面目に向き合います。やや不器用な一面がありますが、あなたの真っすぐな想いは時間をかけて相手に伝わります。相手を信頼し、素直な気持ちを伝えることで関係が深まるでしょう。","あなたは堅実で責任感が強く、一度任された仕事を途中で投げ出さない信頼の厚いタイプです。計画を立てて着実に進める力があり、特に長期的なプロジェクトで実力を発揮するでしょう。周囲の期待に応えようと真面目に取り組む姿勢は評価されますが、自分だけで抱え込みすぎて疲れてしまうことも。ときには同僚や上司に相談し、チームで進める意識を持つことで負担が軽くなります。丁寧な仕事ぶりが昇進に直結しやすい運勢なので、焦らず誠実な一歩を積み重ねることが大切。あなたの堅実な努力が、確かなキャリアを築いていくでしょう。"
金の羅針盤座,2,現実を見据え未来を築く信頼の人,"あなたは現実的な視点を持ちながらも、理想を忘れないバランス感覚の持ち主です。誠実で思いやりがあり、他人の立場に立って考えることができます。努力を惜しまないあなたは、周囲から自然と信頼される存在でしょう。ただし、責任感が強すぎて自分を追い込みやすい傾向も。ときには周りに頼ることで、心が軽くなります。","恋愛では穏やかで安定した関係を望みます。相手に尽くすタイプですが、自分を犠牲にしすぎると疲れてしまうことも。お互いに支え合う関係を意識すると、長続きする恋が育ちます。誠実なあなたの優しさは、相手に深い安心感を与えるでしょう。","仕事においてあなたは現実的な視点と誠実な姿勢が武器となります。周囲の状況を冷静に見極めながら、必要な努力を積み重ねることで信頼を獲得するタイプ。慎重さゆえにスピード感には欠けるものの、ミスが少なく安定した成果を出せるため、組織に欠かせない存在となるでしょう。一方で、責任感の強さから過度に自分を追い込みやすい傾向があります。完璧を求めるよりも、段階ごとに優先順位をつけて進める意識を持つと心が軽くなります。堅実な努力と誠実な姿勢を武器に、時間をかけて評価を築いていくことで、大きな成果へとつながる仕事運です。"
金の羅針盤座,3,信頼を礎に安定を築く誠実者,"あなたは慎重で堅実、そして真面目に人生と向き合うタイプです。大きな夢を追うよりも、確かな基盤を築くことを重視します。地道な努力を重ね、少しずつ成果を積み上げていく粘り強さがあります。周囲からの信頼が厚く、真面目な人柄が人を惹きつけます。完璧を求めすぎると疲れてしまうため、時には休息も必要です。","恋愛では一途で誠実。信頼できる関係を築くことを最も大切にします。控えめながらも深い愛情を持ち、相手を支えることに喜びを感じます。感情表現が苦手でも、誠実な行動が相手に伝わり、穏やかな関係を育てるでしょう。","あなたは丁寧で誠実な仕事ぶりが周囲から高く評価されるタイプです。派手さはないものの、コツコツと積み上げる姿勢が長期的な信頼を生み、重要な業務を任される機会が増えていくでしょう。慎重でミスが少ないため、正確さが求められる分野でも力を発揮します。ただし、真面目すぎてプレッシャーを抱え込みやすく、気づかないうちに疲労が蓄積することも。自分一人で全てを背負おうとせず、適度に相談や協力を求めることが成功のポイントです。地道な努力が必ず実を結ぶ運勢なので、焦らず一歩ずつ進むことで安定したキャリアを築くでしょう。"
金の羅針盤座,4,努力を糧に信頼を積み上げる実直者,"あなたはコツコツと努力を積み重ね、確実に成果を出すタイプです。真面目で誠実、どんな状況でも逃げずに立ち向かいます。責任感が強く、周囲から厚い信頼を得るでしょう。感情を表に出すのが苦手なため、誤解を招くこともありますが、あなたの誠意は時間とともに伝わります。焦らず地道に続けることで、大きな成果を得るでしょう。","恋愛では一途で誠実。派手なアプローチは苦手でも、深い愛情を持ち、相手を支え続けます。関係が安定すると長続きするタイプです。感情を抑えすぎず、素直に気持ちを伝えることが愛を育む鍵になります。","あなたは地道な努力と責任感の強さで周囲から厚く信頼されるタイプです。どんな仕事にも真剣に向き合い、細部まで気を配る丁寧さが評価を高めます。慎重で堅実な姿勢は大きな強みですが、一方で融通が利きにくく、完璧を求めすぎて自分を追い込んでしまう場面も。無理のない範囲で計画を立て、休息を取り入れながら進めることが重要です。あなたの誠実な働きぶりは時間と共に確かな成果を生み、安定した地位へとつながるでしょう。自分を過小評価せず、小さな達成にも目を向けることで、仕事運がさらに安定していきます。"
金の羅針盤座,5,誠実な心で周囲を照らす静かなリーダー,"あなたは真面目で努力家、そして信頼される人柄で周囲を支えるタイプです。人に優しく、困っている人を見ると放っておけません。周囲との調和を大切にするあなたは、穏やかなリーダーとして人を導く力を持っています。ただし、完璧を求めすぎると自分を追い込んでしまうことも。ときには「今の自分を認める」ことで心が軽くなるでしょう。","恋愛では真面目で誠実な愛情を注ぐタイプです。相手の幸せを優先し、自分のことを後回しにしてしまうこともありますが、相手の感謝の言葉が何よりの励みになります。優しさの中にも自分らしさを忘れないことで、より深い関係が築けます。","あなたは協調性と誠実さを生かし、周囲を支える立場で大きな力を発揮するタイプです。細かいところに気がつき、誰かの負担を自然に軽くできるため、組織の中で欠かせない存在となるでしょう。また、人との調和を大切にする姿勢が評価され、後輩や同僚から頼られる機会が増えます。一方で、責任感が強いあまり、自分一人で抱え込みすぎる傾向もあります。無理をしすぎると気力が落ちてしまうため、定期的に休息を取り、周囲と役割分担をすることが大切です。誠実な努力を積み重ねていけば、信頼が大きなチャンスを呼び込み、安定した成長につながるでしょう。"
金の羅針盤座,6,努力を積み重ね信頼を得る実務家,"あなたは現実的で計画性があり、努力を積み重ねて結果を出すタイプです。地道な作業を苦にせず、コツコツと続けることで信頼を築きます。自分に厳しく、他人にも誠実に接するため、周囲から頼られる存在です。完璧を求めすぎると疲れてしまうので、適度に休息を取ることが大切です。","恋愛では誠実で堅実な関係を求めます。感情表現は控えめですが、相手を大切に思う気持ちは深く、時間をかけて愛を育てます。慎重なため恋が始まるまで時間がかかりますが、信頼関係が築ければ長続きします。","あなたは慎重さと実行力を兼ね備え、地道な努力で成果を積み重ねるタイプです。丁寧で正確な仕事ができるため、周囲からの信頼も厚いでしょう。ルールや手順をきちんと守り、長期的な視点で着実に取り組めることが強みです。ただし、完璧を求めすぎるとプレッシャーで疲れやすく、周囲に頼れないまま抱え込んでしまうことも。ときには効率を意識し、できることから順に進める柔軟さが必要です。あなたの誠実さと積み重ねる力は必ず評価につながります。焦らず自分のペースを守りながら取り組むことで、安定と成長をバランスよく手に入れられる運勢です。"
金の羅針盤座,7,理想を形にする冷静な実践者,"あなたは理想と現実のバランスを取りながら、確実に成果を上げるタイプです。冷静で計画的に行動するため、周囲から信頼されます。完璧主義な一面がありますが、物事を整理して進める力に優れています。人の意見に流されず、自分の価値観を大切にするあなたは、長期的な視点で物事を進めていくでしょう。","恋愛では真面目で誠実な姿勢が特徴です。軽い関係には興味がなく、信頼できる相手を慎重に選びます。感情を素直に表現するのが苦手ですが、誠実な想いが伝われば安定した関係が築けます。","あなたは冷静な判断力と計画性を武器に、着実に成果を残すタイプです。状況を客観的に捉える力があり、無駄のない進め方で周囲をサポートする存在となるでしょう。慎重で丁寧な仕事ぶりは評価されやすく、信頼される場面も増えていきます。一方で、理想が高いために自分へ厳しくなりがちで、完璧にこだわると息苦しさを感じることも。時には「できる範囲を区切る」意識を持つことで、よりスムーズに仕事が回ります。誠実さと冷静さを併せ持つあなたは、長期的に安定したキャリアを築くことができるでしょう。"
金の羅針盤座,8,信頼で未来を築く安定の導き手,"あなたは誠実で穏やか、そして人との信頼関係を大切にするタイプです。人の話を丁寧に聞き、相手の立場に立って行動します。慎重で安定志向のため、冒険よりも着実な道を選ぶ傾向があります。周囲に安心感を与える存在として、多くの人に頼られるでしょう。","恋愛では穏やかで落ち着いた関係を望みます。相手を信頼し、時間をかけて関係を築いていくタイプです。相手に合わせすぎて疲れてしまうこともあるため、ときには自分の想いも伝えることが大切です。","あなたは誠実さと安定感のある仕事ぶりで、周囲から深い信頼を寄せられるタイプです。慎重で責任感が強く、一つひとつの作業を丁寧に積み重ねていく力があります。チームの調整役として自然と人をまとめることができ、長期的なプロジェクトでも高い成果を上げるでしょう。ただし、人に合わせすぎて自分を後回しにすると疲れが溜まりやすく、気づかないうちに心の余裕を失ってしまうこともあります。仕事の優先度を整理し、無理のない範囲で自分のペースを保つことが成功の鍵です。あなたの誠実な姿勢は必ず評価につながり、安定したキャリアを築いていくでしょう。"
金の羅針盤座,9,誠実な努力で信頼を築く堅実な守護者,"あなたは慎重で誠実、そして責任感の強いタイプです。どんな困難にも地道に取り組み、最後までやり遂げます。人の信頼を得るまで時間はかかりますが、一度築いた絆は簡単に壊れません。自分の役割に誇りを持ち、誠実な行動を重ねることで、周囲から厚く信頼されるでしょう。","恋愛では誠実で安定した関係を築きます。感情表現は控えめでも、深い愛情を持っています。相手の気持ちを尊重し、穏やかな関係を保つことを大切にします。焦らず時間をかけることで、信頼が愛へと変わるでしょう。","あなたは誠実で粘り強く、困難な状況でも最後までやり遂げる責任感の強いタイプです。細かな作業や地道なタスクを丁寧に積み重ねることができ、周囲からの信頼も厚くなります。問題が発生しても冷静に対処できるため、頼りにされることが増えるでしょう。ただし、真面目すぎるあまり柔軟性を欠き、周囲のサポートを受けるのが苦手な面もあります。完璧を求めすぎず、他者を信頼して任せる姿勢を持つことで仕事運はさらに上向きます。誠実な姿勢が長期的な成功へとつながり、安定したキャリアを築いていく運勢です。"
銀の羅針盤座,0,理想を求めて静かに道を照らす人,"あなたは理想を追い求め、目の前の現実をより良くするために努力を惜しまないタイプ。表面では穏やかで控えめに見えますが、内面には強い意志と高い理想を秘めています。物事を深く考え、周囲に流されずに自分の信じる道を歩もうとするでしょう。人に合わせるよりも、自分のペースを守ることで運が開けます。完璧主義な一面があり、結果を急ぐと焦りを感じやすいですが、丁寧な姿勢があなたの魅力です。焦らず一歩ずつ進むことで、着実に信頼を得ることができるでしょう。","恋愛では誠実さと慎重さが際立ちます。軽い関係には興味を持たず、心から信頼できる相手を選びます。相手を理想化する傾向があり、現実とのギャップに悩むこともあるでしょう。しかし、あなたの深い愛情は時間をかけて相手に伝わり、強い絆へと変わります。完璧を求めず、相手の弱さを受け入れることで愛が深まります。","あなたは慎重で誠実、分析力に優れたタイプです。仕事では周囲の状況をよく観察し、必要な情報を整理しながら進めるため、ミスが少なく安定した成果を上げられるでしょう。表立ってリーダーシップを取るよりも、裏方で支える役割に向いており、縁の下の力持ちとして信頼されます。ただし、自分の基準が高いために「まだ足りない」と感じやすく、必要以上に時間をかけてしまうこともあります。完璧を求めすぎず、優先順位を明確にすることで負担が軽くなるでしょう。周囲との調整力が高まるほど評価が上がり、長期的なキャリアの安定が期待できます。"
銀の羅針盤座,1,信念を貫く静かな改革者,"あなたは理屈よりも信念を重んじ、目立たない形で周囲を導くタイプです。内省的で観察力があり、人の感情の動きを敏感に察知します。小さな違和感にも気づくため、人間関係では慎重に距離を測る傾向があります。理想が高く、他人にも誠実さを求めるため、時に厳しく見られることも。けれども、あなたの言葉や行動には一貫性があり、時間をかけて信頼を築く力があります。焦らず、正しいと思うことを貫く姿勢が、人生の羅針盤となるでしょう。","恋愛では感情表現が控えめで、慎重に相手を見極めようとします。相手の言葉よりも行動を重視するため、理解されにくい一面もありますが、あなたの誠実な想いは時間をかけて伝わります。愛は静かに深く育つタイプ。理想を追い求めるよりも、現実の温もりに目を向けることで、真の幸福をつかめるでしょう。","あなたは観察力と分析力に優れ、問題点をいち早く察知できるタイプです。慎重で落ち着いた行動が求められる職場で力を発揮し、周囲からも“安心して任せられる存在”として信頼されます。自分の価値観に基づいて仕事を進めるためブレがなく、長期的に安定した成果を出すでしょう。ただし、他人のペースに合わせるのが苦手で、周囲との調整に時間がかかることも。意見の違いに固執せず柔らかい姿勢を意識することで、より円滑な人間関係が築けます。焦らず丁寧に取り組むことで、あなたの誠実さと知的な姿勢が確実に評価へつながっていく運勢です。"
銀の羅針盤座,2,誠実な光で周囲を導く灯台,"あなたは人に寄り添いながらも、自分の信念を見失わない堅実なタイプです。物事を丁寧に考え、他人の立場を思いやる優しさを持っています。その一方で、理想が高く、自分に厳しくなりすぎる傾向も。周囲の期待に応えようと頑張りすぎると、心が疲れてしまうかもしれません。ときには休む勇気を持ちましょう。あなたの誠実な姿勢と穏やかな判断力は、多くの人に安心を与え、信頼を呼び込む光となります。","恋愛では一途で真面目な姿勢が特徴。軽い恋には興味がなく、信頼できる相手を大切にします。相手に尽くしすぎると疲れてしまうこともあるので、時には自分を優先して。穏やかで安定した関係を築くことで、真の幸せを感じられるでしょう。","あなたは誠実で思慮深く、細やかな気配りができるタイプです。仕事では状況を静かに観察し、最も適した動きを判断できるため、サポート役として大きな力を発揮します。派手な成果よりも、確実に積み上げる努力が評価される場面が多いでしょう。ただ、自分の中に“こうあるべき”という基準を持ちすぎると、自らを縛りすぎて行動が鈍くなることもあります。完璧を目指さず、できる範囲から進める柔軟さを意識すると仕事運が上向きます。誠実な姿勢を大切にしながら少しずつ領域を広げていけば、信頼と評価が安定して積み上がっていく運勢です。"
銀の羅針盤座,3,心の静寂に真実を見つめる賢者,"あなたは表面的な華やかさよりも、本質を見極めることを大切にするタイプです。冷静で理知的、どんな状況でも感情に流されず、物事を客観的に判断します。人の心を読む力に長け、対話の中で相手の本音を見抜くことができるでしょう。孤独を恐れず、自分の時間を大切に過ごすことで、精神的な成長を遂げます。誠実で信頼できる存在として、周囲から自然と尊敬を集める人です。","恋愛では心のつながりを重視します。言葉よりも信頼でつながる関係を望みます。感情を抑えがちなため誤解を招くこともありますが、誠実な姿勢が相手の心を動かすでしょう。恋愛においては、無理に自分を変えず、自然体でいることが幸福の鍵になります。","あなたは冷静な判断力と観察力を生かし、安定した成果を出せるタイプです。感情に流されず状況を全体的に捉えるため、トラブルが起きても静かに対処でき、職場の中で“落ち着いた存在”として評価されるでしょう。一方で、マイペースを崩されると疲れやすく、人と比べて落ち込む場面もあります。自分のペースを守りながら優先度を整理し、無理のない範囲で行動することが成功の鍵です。細部まで確認する慎重さは長所なので、焦らず丁寧に進めれば信頼が積み重なります。静かな努力が確かな成果へとつながる、堅実な仕事運を持っています。"
銀の羅針盤座,4,静かな知恵で未来を照らす賢人,"あなたは物事を深く考え、慎重に判断する思慮深いタイプです。行動よりも観察を重んじ、全体を見てから動くため、周囲からは冷静で落ち着いた印象を持たれます。誠実で約束を守るあなたは、人々に安心感を与える存在です。ただし、自分を抑えすぎるとストレスが溜まりやすく、心のバランスを崩すことも。時には本音を伝えることが、運を開く鍵となるでしょう。","恋愛では一途で慎重。相手をじっくり観察し、心から信頼できると確信してから関係を深めます。感情表現が控えめなため誤解を受けることもありますが、内に秘めた愛情はとても深く長続きします。誠実な関係を築くことで、穏やかな幸せが訪れるでしょう。","あなたは慎重で安定感があり、どんな環境でもコツコツと成果を積み上げられるタイプです。細かい作業や確認作業を得意とし、正確性が求められる分野で評価されるでしょう。派手な活躍よりも、継続した努力による信頼構築が得意です。ただし、自分の考えに固執しすぎると、柔軟に動けなくなる場面もあります。時には他人のアイデアを受け入れ、視野を広げることで仕事運がさらに安定します。無理にスピードを上げようとせず、丁寧な姿勢を貫くことで、あなたの誠実さが長期的な評価につながっていく運勢です。"
銀の羅針盤座,5,優しさで人を導く静かな道標,"あなたは人に安心感を与える穏やかな雰囲気を持つタイプです。困っている人を放っておけず、自然と助けることができる優しさの持ち主。周囲から頼られることも多いですが、自分の心の疲れには気づきにくい一面もあります。完璧を目指すよりも、ほどよく肩の力を抜くことで運が上向きます。あなたの誠実さと柔らかな笑顔が、周囲に癒しと希望をもたらすでしょう。","恋愛では思いやり深く、相手の幸せを第一に考えるタイプ。自分よりも相手を優先してしまうことがありますが、愛を与えるだけでなく、受け取ることも大切です。無理をせず、自然体で向き合うことで、真の絆を築けるでしょう。","あなたは穏やかで控えめながらも、誠実さと丁寧な姿勢で職場を支えるタイプです。周囲の状況をよく観察し、必要なサポートを自然に提供できるため、組織の“調整役”として重宝されるでしょう。責任感が強く、人に迷惑をかけまいと努力しますが、その反面、自分を犠牲にしすぎて疲れやすい一面もあります。無理を抱え込む前に適度に誰かに頼ることが、仕事運を安定させるポイントです。あなたの優しさと誠実さは必ず評価されます。焦らず長期的な視点で働くことで、穏やかながら確かなキャリアを築いていけるでしょう。"
銀の羅針盤座,6,誠実な心で真実を見極める案内人,"あなたは真面目で実直、そして何事にも誠実に向き合うタイプです。周囲の期待に応えようと努力する姿は多くの人に信頼を与えます。慎重で思慮深く、言葉に責任を持つあなたは、無理な約束をしないため、信頼関係を築くのが得意です。完璧を求めるあまり、自分を追い込みすぎることがありますが、「今できることを丁寧に」が幸運の鍵となるでしょう。","恋愛では誠実で一途。遊びの恋よりも真剣な関係を求めます。相手の気持ちを大切にするため、相手からの信頼も厚いでしょう。感情を抑え込みすぎず、素直な言葉で想いを伝えることで、愛がより深まります。","あなたは誠実で責任感が強く、任された仕事を丁寧に仕上げるタイプです。慎重な姿勢が武器となり、ミスの少ない安定した成果を上げられるでしょう。長期的なサイクルで物事を積み上げるのが得意で、サポート業務や裏方の管理業務で高い評価を受けやすい運勢です。一方で、完璧を目指しすぎて自分に厳しくなりすぎる場面もあり、必要以上に疲れを溜めてしまうことがあります。効率よりも正確さを重視しつつ、適度に人に頼る柔軟さを身につけると仕事運が大きく開けます。誠実な努力が確かな信頼と成果を生むタイプです。"
銀の羅針盤座,7,静かな信念で道を示す探求者,"あなたは静かに物事を見つめ、深く考えるタイプ。表面では穏やかに見えても、心の奥には「正しさ」への強いこだわりと信念を持っています。人の意見に流されず、自分が納得できる道を選び抜く慎重派です。探求心が強く、一度興味を持ったことは徹底的に掘り下げるでしょう。誠実で努力家ですが、完璧を求めすぎて疲れてしまうことも。ときには他人の意見を受け入れ、柔軟に対応することで運が開けます。静かな情熱と誠実さが、あなたの人生を確かなものにしていくでしょう。","恋愛では慎重で誠実。軽い関係を好まず、心から信頼できる相手とじっくり絆を育てるタイプです。感情表現が控えめなため誤解されることもありますが、時間をかけて真の信頼関係を築けるでしょう。理想を追い求めすぎず、現実の中にある温かさを見つめることで、安らぎの愛を手に入れます。","あなたは静かな情熱と強い信念を持ち、どんな状況でも丁寧に物事に向き合うタイプです。観察眼が鋭く、表には出さずとも深く状況を理解するため、裏方で支える力に優れています。責任感が強く、仕事を中途半端にしない姿勢は周囲から高く評価されるでしょう。ただし、自分の価値観に固執しすぎると柔軟に対応できなくなることがあります。完璧を目指すよりも「今できる最善」を意識すると負担が軽くなります。あなたの静かな努力と誠実さは、時間とともに確かな信頼へと変わり、仕事運を大きく押し上げていくでしょう。"
銀の羅針盤座,8,真実を貫く誠実な戦略家,"あなたは冷静で、どんなときも自分の信じる道を曲げないタイプです。誠実で努力家、周囲からの信頼も厚いでしょう。目標を決めると集中して取り組み、途中で投げ出すことはありません。理屈よりも「正しいこと」を優先するため、対立を恐れず意見を貫く姿勢が印象的です。ときには柔軟さを忘れず、他人の意見を取り入れることで新たな道が開けます。","恋愛では真面目で一途な姿勢が特徴です。理想が高く、信頼を重視するため、相手を慎重に選びます。感情表現は控えめですが、深い愛情を秘めています。相手に心を開くまで時間がかかりますが、誠実な関係を築くことで長続きするでしょう。","あなたは冷静で落ち着いた判断力が強みで、状況を客観的に把握する力に優れています。実務面でも丁寧で誠実な仕事をするため、周囲から“確実に任せられる人”として信頼されるでしょう。慎重さゆえにスピードは控えめですが、そのぶんミスが少なく、安定した成果を求められる場面で重宝されます。一方で、理想が高いため自分を追い込みやすく、心の余裕を失いがちです。優先順位をつけ、無理なくできる範囲から取り組むことで仕事運が安定します。誠実な姿勢を貫きながら柔軟性を取り入れることで、大きな評価と信頼を得られるでしょう。"
銀の羅針盤座,9,誠実さで未来を切り開く賢明な導き手,"あなたは誠実で思慮深く、困難に直面しても冷静に対応できるタイプです。人のために尽くすことを喜びとし、信頼関係を重んじます。責任感が強く、最後までやり遂げる粘り強さがありますが、頑張りすぎて疲れてしまうことも。ときには自分を癒す時間を持つことが大切です。誠実な努力と冷静な判断力が、あなたの人生を安定と成功へと導くでしょう。","恋愛では誠実で穏やかな関係を求めます。相手を尊重し、深い信頼を築くことを大切にします。感情を抑えすぎると誤解を招くことがあるので、素直な言葉で想いを伝えるようにしましょう。長く寄り添うことで、真の愛を育てることができます。","あなたは誠実で粘り強く、困難な状況でも静かに解決へ導く力を持つタイプです。どんな仕事も丁寧に取り組み、周囲の要望に対して誠実に対応できるため、長期的な信頼を得やすい運勢です。人の気持ちに敏感で、場の空気を読みながら動けるため、調整役として活躍する場面も増えるでしょう。ただし、感情を抑え込みすぎると疲れが溜まりやすく、自分の意見を伝えられずに抱え込むこともあります。適度に本音を話し、周囲に助けを求めることで仕事運は大きく改善します。丁寧な努力が最終的に確かな成果へとつながる安定した運勢です。"
金のインディアン座,0,自由な感性で未来を描く創造者,"あなたは好奇心旺盛で、何事にも柔軟に対応できる自由人です。常に新しい刺激を求め、独自の感性で世界を見つめるあなたは、誰にも真似できない発想を生み出します。空気を読むのが上手で、周囲との関係も自然と調和させられる人です。考えすぎるよりも感じるままに行動すると運が開けますが、自由を求めすぎて飽きっぽくなることも。ルールに縛られず、心のままに進むことで、人生に豊かな彩りが生まれるでしょう。","恋愛では軽やかで明るい関係を好み、共に楽しめる時間を大切にします。束縛や干渉を嫌うため、相手との距離感を上手に取れる人が理想。感性が似ている人や、ユーモアのある相手に惹かれます。相手に自由を与えることで、あなた自身もより深く愛されるでしょう。","仕事では、あなたの自由な発想と柔軟な感性が強みとなり、周囲が気づかない視点から新しいアイデアを生み出す力があります。変化への適応が早く、初めての環境でも臆せず行動できるため、企画・営業・接客・クリエイティブ分野など幅広く活躍できるタイプです。ただし気分にムラが出ると集中力が続かず、途中で飽きてしまうことも。目標を小さく区切って達成感を積み重ねると、安定した成果につながります。自由に動ける環境ほど能力を発揮でき、あなたらしい働き方が成功を呼び込むでしょう。"
金のインディアン座,1,感性で時代を動かす冒険者,"あなたは直感力と行動力を兼ね備えた自由な冒険者です。自分の感性を信じ、思いついたことをすぐに形にしていくスピード感が魅力。型にとらわれず、常に新しいことに挑戦する姿勢が周囲を惹きつけます。変化を恐れず、状況を楽しむことで人生をより豊かにできます。ただし、気分に左右されやすい面もあるため、目標を定めると力が安定します。あなたの行動力が、未来を切り拓く原動力になるでしょう。","恋愛では好奇心旺盛で、刺激的な恋を好みます。相手に夢中になる一方で、飽きると急に冷めることも。追う恋に燃える傾向がありますが、安心感をくれる相手を選ぶと穏やかな関係を築けます。感情に流されず、相手を思いやる言葉を意識すると愛が長続きするでしょう。","仕事では直感力と行動力が最大の武器となります。思い立ったらすぐに動けるスピード感が評価され、企画や改革が求められる場で強い存在感を示すでしょう。変化を恐れず挑戦する姿勢は周囲の刺激となり、チームに新しい流れを生み出すタイプです。ただし気分で行動すると抜け漏れが発生しやすいため、最低限のルールやスケジュール管理を意識すると安定度が増します。自由に走れる環境でこそあなたの才能は大きく花開き、独自のキャリアを築いていくでしょう。"
金のインディアン座,2,明るさで周囲を照らす感性の持ち主,"あなたは天真爛漫で人懐っこく、周囲を笑顔にするムードメーカーです。どんな状況でも楽しみを見つけられる前向きな性格で、人を惹きつける魅力にあふれています。社交的で話し上手な一方、繊細で人の気持ちを敏感に察する面も。感情の波が大きいときは、無理せず一人の時間を作るとリセットできます。明るさと感性のバランスを保てば、どんな場所でも輝ける人です。","恋愛では楽しく自然体でいられる関係を求めます。明るい笑顔と会話のセンスで相手の心をつかみますが、退屈を感じると離れてしまうことも。刺激よりも安心感を大切にすると、長続きする恋が育ちます。自分を飾らず素直に感情を表すことが愛を深める鍵です。","仕事では明るさとコミュニケーション力が最大の武器。人を楽しませる雰囲気づくりが得意で、チームを自然にまとめる存在です。営業・広報・接客・イベントなど、人との関係が中心の仕事で大きな成果を上げられます。ただし周囲に気を遣い過ぎると疲れやすく、感情の波が仕事に影響することも。適度に一人の時間を確保することで能力が安定します。あなたの明るさが場を活性化させ、職場全体のムードメーカーとして欠かせない存在になるでしょう。"
金のインディアン座,3,変化を糧に成長する柔軟な旅人,"あなたは変化を恐れず、どんな環境にもすぐに馴染める柔軟性の持ち主です。行動力があり、新しい挑戦を次々と重ねることで自分を磨いていくタイプ。多趣味で好奇心旺盛、興味を持ったことには一気にのめり込みます。飽きっぽさが出ることもありますが、広い経験があなたの魅力を深めます。経験を積みながら、自分なりのスタイルを確立していくと成功をつかめるでしょう。","恋愛では、恋の始まりが早く終わりも早い傾向があります。刺激的で明るい相手に惹かれやすく、恋を通じて成長するタイプ。相手に期待を寄せすぎず、お互いに自由を尊重する関係を築くと愛が安定します。軽やかでオープンな姿勢が、恋のチャンスを広げる鍵です。","仕事では変化を恐れない柔軟性が最大の強みで、新しいプロジェクトや環境の変化にもすぐに適応できます。幅広い興味と行動力を活かし、複数のタスクを並行して進めることも得意です。ただし飽きっぽさが出ると集中力が途切れやすいため、「短めの目標設定」や「役割分担」を意識すると成果が安定します。改革的な仕事、スタートアップ、企画などスピードと変化が求められる場が向いており、多様な経験を積むほど能力が磨かれるタイプです。"
金のインディアン座,4,独創的な発想で道を切り拓く表現者,"あなたは独自の世界観を持ち、他人とは違う角度から物事を捉えるタイプです。芸術的な感性に優れ、何気ない日常から新しいアイデアを生み出します。人と同じことをするのを嫌い、自分らしさを大切にします。繊細で感受性が豊かですが、その分傷つきやすい一面も。感情を作品や表現に昇華できると、周囲から一目置かれる存在になるでしょう。","恋愛では個性的で、心を共有できる相手を求めます。表面的な付き合いには興味がなく、深い絆を築きたいタイプ。自由を奪われると距離を置きますが、あなたの世界を理解してくれる人とは永く続きます。","仕事では独創的な視点と表現力が大きな武器となります。他人とは異なる角度から物事を見られるため、デザイン、アート、映像、企画、執筆など、クリエイティブ領域で強く輝くタイプです。集中すると作品に没頭し、周囲が驚くような成果を出すことも。ただし感受性が強く、職場の空気に影響されやすい一面もあります。自分のペースを守れる環境を整えることで安定度が増し、才能を最大限発揮できるでしょう。独立やフリーランスも適性があります。"
金のインディアン座,5,自由と情熱で人生を彩る冒険家,"あなたは情熱的で自由を愛し、自分の信じた道を突き進むタイプです。感性が豊かで、直感で動くことが得意。人の心をつかむカリスマ性もあります。細かいことに縛られず、のびのびと行動することで運が開けます。感情の起伏が激しい一方で、思いやりにあふれる優しい一面も。あなたの自由な発想と行動力が、新しいチャンスを引き寄せるでしょう。","恋愛では情熱的でロマンチック。惹かれると一気に距離を詰めますが、冷めるのも早い傾向があります。恋のときめきを大切にしながらも、落ち着いて相手を観察すると真実の愛を見つけられます。","仕事ではカリスマ性と行動力が光ります。直感で判断し素早く動けるため、営業、イベント、企画、表現系の仕事で大きな成果を出せるタイプです。人を巻き込む力があり、リーダー的な立場でも実力を発揮できます。ただし情熱が続かないと一気に落ち込むことがあるため、休息と気分転換を上手に取り入れることが必要。固定概念に縛られず、自由な発想で進むほど運が開けます。新しい環境に飛び込むことでチャンスが広がるでしょう。"
金のインディアン座,6,協調と自由を調和させる調整者,"あなたは人との調和を重んじながらも、自分の自由を大切にできるバランス感覚の持ち主です。思いやりにあふれ、周囲を穏やかにまとめる力があります。控えめながらも芯が強く、他人を支えることで自分も成長します。平和を好み、争いを避ける傾向がありますが、時には自分の意見をしっかり伝えることが運を呼びます。","恋愛では思いやりに満ち、相手を優しく包み込みます。安心感を与える関係を築けますが、相手に合わせすぎて疲れてしまうことも。自分の時間も大切にすることで、恋が長続きします。","仕事では協調性と柔軟な対応力が高く評価されます。周囲と自然に調和し、チーム全体を穏やかにまとめる力があるため、教育・福祉・医療・事務・接客など人を支える分野で活躍できます。一方で相手に合わせ過ぎて自分の意見を後回しにすると疲れやすくなるため、境界線を引くことが大切。誠実さと優しさを軸にしつつ、自分のペースを守ることで安定した成果が得られます。縁の下の力持ちとして多くの人に信頼されるタイプです。"
金のインディアン座,7,変化を恐れず進化する自由人,"あなたは柔軟な発想と行動力を兼ね備えた自由人です。常に新しい刺激を求め、現状に満足しないタイプ。好奇心が強く、未知の世界に飛び込むことで人生を広げます。失敗しても立ち直りが早く、経験を糧に成長できる人。感情に流されず、自分のリズムで進むほど成功を引き寄せます。","恋愛では自立した関係を望みます。相手に依存せず、お互いが刺激し合える関係が理想。自由を尊重しながら、信頼でつながる愛を育むことで長続きします。","仕事では変化への強さと判断の早さが際立ちます。新しい挑戦に積極的で、自分の直感に従って動くほど成功を引き寄せるタイプ。改革的なプロジェクト、スタートアップ、IT、企画職などスピード感のある分野と相性が抜群です。ただし周囲がついてこられないほど先走ることもあるため、情報共有を意識すると信頼がさらに高まります。自由度の高い環境でこそ能力が伸び、自分らしいキャリアを築けるでしょう。"
金のインディアン座,8,自由な発想で世界を導く創造者,"あなたは創造力豊かで、新しい価値を生み出す才能に恵まれた人です。周囲が考えつかない発想を形にする力があり、変化を楽しみながら自分の道を切り拓きます。直感が鋭く、感性で人を導くような不思議な魅力を持っています。自由な発想が評価されるほど運が伸びるタイプです。","恋愛では個性的で、心の通じ合いを重視します。束縛を嫌い、信頼でつながる関係を望みます。お互いに刺激し合える関係こそ、あなたにとっての理想の愛です。","仕事では創造力と先見性が強みとなり、企画・戦略・デザイン・教育・ITなど幅広い分野で才能を発揮します。型にとらわれず新しい価値を生み出すタイプで、他人の発想を引き出す力もあります。直感が鋭く、人の気持ちを読むのが得意なため、リーダーとしても活躍できるでしょう。ただし自由を奪われる環境では能力が伸びにくいため、裁量を持てる働き方が理想。自分の世界観を大切にするほど成功に近づきます。"
金のインディアン座,9,理想を追い風に進む自由な創造人,"あなたは理想を高く掲げ、自由な発想で未来を描くタイプです。自分の信じる道を歩むことで、多くの人に影響を与えます。現実に縛られず、夢を形にしていく力を秘めています。感性が鋭く、他人の気持ちに敏感な分だけ優しくなれる人。焦らずに信念を持って進むことが、成功への近道です。","恋愛では理想を重視し、感性の合う相手を求めます。お互いの自由を尊重できる関係が理想。刺激だけを追わず、穏やかな愛情を育てると幸せが続きます。","仕事では理想を原動力にし、未来を描く力が際立ちます。直感とビジョンを持ち合わせ、企画・クリエイティブ・教育・リーダー職で強く活躍できるタイプ。人に影響を与える言葉を紡ぐ力もあり、周囲を自然と導く存在です。ただし理想が高すぎると現実とのギャップに悩み、行動が止まることも。小さな成功を積み重ねることで自信と安定が生まれます。柔らかな発想を形にするほど評価され、長期的な成功をつかめるでしょう。"
銀のインディアン座,0,静かな感性で世界を見つめる夢想家,"あなたは繊細で優しく、心の奥に豊かな世界を持つロマンチストです。人の感情に敏感で、思いやりにあふれるあなたは、場の空気を穏やかに整える不思議な力を持っています。自由を求めながらも人の期待に応えようと努力するため、時に心が疲れてしまうことも。焦らず自分のペースを守ることが大切です。静かに見つめ続けるあなたの感性は、やがて多くの人を癒す光となるでしょう。","恋愛では、相手に深く共感し、気づけば相手の感情を自分のことのように感じてしまう優しいタイプです。恋に落ちると一途で、相手を大切にしすぎて自分を後回しにすることも。理想を求めすぎず、自然体で向き合うことで真の愛が育ちます。","仕事では、あなたの繊細な感受性と観察力が大きな武器となります。人の気持ちや職場の雰囲気を敏感に察知できるため、サポート役や調整役として高く評価されるタイプ。芸術・教育・医療・福祉・カウンセリングなど、人の心に寄り添う分野で力を発揮します。ただし他人の感情に引きずられやすいため、オンとオフの切り替えを意識することが大切。一人で静かに整える時間を確保することでパフォーマンスが安定します。あなたの優しさと誠実さは職場の癒しとなり、信頼を積み重ねるほど大きなチャンスを呼び込むでしょう。"
銀のインディアン座,1,心で感じて動く直感的な探求者,"あなたは直感で物事を判断し、感覚的に行動できる柔軟な人です。言葉よりも感情で世界を理解し、人の気持ちに寄り添うことが自然にできます。考えすぎると不安になりやすいですが、心の声を信じて進むと運が味方します。気分屋に見えることもありますが、それは変化に敏感で誠実な証。自分を責めず、感情を大切に扱うことで本来の輝きを取り戻せるでしょう。","恋愛では相手との波長を大事にします。直感的に「この人だ」と感じると一気に距離を縮めますが、不安が強まると心を閉ざすことも。相手を信じる勇気が、愛を深める鍵です。","仕事では直感力と柔らかな対応力が光り、変化のある現場でも自然に溶け込み、穏やかに調整する力があります。人の気持ちに寄り添いながら物事を進められるため、企画・接客・サービス・教育など幅広い場で活躍できます。しかし感情に影響を受けやすく、周囲のペースに巻き込まれると疲れやすい面も。自分のリズムを守りつつ、小さな目標を積み上げることで安定した成果を出せます。人に優しく、自分にも優しい働き方を選ぶことで、あなたらしいキャリアがゆっくりと形になっていくでしょう。"
銀のインディアン座,2,静かな情熱で未来を描く理想家,"あなたは穏やかで控えめながらも、心の奥に強い情熱を秘めた人です。人との衝突を避け、優しさで周囲を包み込むタイプですが、信念が揺らぐことはありません。考えすぎて動けなくなることもありますが、自分を信じて一歩踏み出すことで運が開きます。控えめな魅力があり、人に安心感を与えるあなたは、自然と頼られる存在になるでしょう。","恋愛では一途で誠実。自分からアプローチするのは苦手ですが、愛されるとゆっくり心を開きます。相手に尽くすタイプですが、我慢しすぎると疲れてしまうため、時には素直に甘えることが幸せの鍵です。","仕事では誠実さと気配りの細やかさが大きな強みです。控えめながらも周囲をよく見ており、困っている人をさりげなく支える姿勢が高く評価されます。教育・事務・医療・福祉・サポート職など、堅実に積み重ねる仕事に向いているタイプです。一方で人の期待に応えようと無理をしすぎると、心身のバランスを崩しやすいので注意。自分の限界を早めに察知し、休息を大切にするとパフォーマンスが向上します。コツコツ努力するあなたは、長期的に大きな信頼と安定を手にするでしょう。"
銀のインディアン座,3,優しさと感性で人を導く共感者,"あなたは人の感情を深く理解し、自然と人を癒せる存在です。思いやりが強く、困っている人を放っておけません。穏やかな性格で衝突を避けますが、実は芯が強く、信念を曲げない一面も。人のために頑張りすぎると疲れてしまうので、時には自分の時間を大切にしましょう。優しい心が、周囲に幸運を運びます。","恋愛では相手に寄り添いすぎて、自分を見失うことがあります。好きな人の幸せを願うあまり、無理をしてしまう傾向も。自分の気持ちを素直に伝えることで、より深い愛が育ちます。","仕事では共感力と調和力が際立ち、チームの雰囲気を穏やかに整える存在として頼られます。聞き上手で、人の気持ちを理解しながら物事を進めるため、福祉・教育・医療・接客など、人と深く関わる仕事で能力を発揮します。ただし気配りが過剰になると自分の時間を犠牲にしがちなので、境界線を引く意識が大切。自分が安心できる環境で働くほど伸びるタイプです。あなたの優しさと誠実さは大きな財産となり、気づけば周囲に欠かせない存在として信頼を集めていくでしょう。"
銀のインディアン座,4,静かな努力で信頼を築く平和主義者,"あなたは落ち着いていて、慎重に物事を進めるタイプです。人との調和を大切にし、目立つことよりも周囲を支えることで力を発揮します。感受性が強く、些細なことでも気にかけてしまう優しさがあります。努力を重ねることで、静かに信頼を集めていく人です。焦らずコツコツ進めば、確実に成功をつかめるでしょう。","恋愛では真面目で誠実。時間をかけて信頼を築くタイプです。相手の気持ちを最優先に考えるあまり、自分を後回しにすることも。遠慮せずに思いを伝えることで、愛が深まります。","仕事では慎重さと堅実さが最大の強みです。一つひとつの作業を丁寧に積み重ねることで成果を出すタイプで、事務・経理・教育・サポート職など安定した環境に向いています。人に合わせるのが得意な一方、自己主張が控えめなため誤解されやすいことも。自分の考えを少しずつ言葉で伝えると、周囲との距離が縮まり評価も高まります。焦らずコツコツ進める姿勢が最も大きな武器であり、長期的に確かな信頼を築いていけるでしょう。"
銀のインディアン座,5,繊細な感性で人を包む癒しの人,"あなたは穏やかで人当たりがよく、周囲を安心させる魅力を持っています。感受性が豊かで、人の気持ちを瞬時に察するタイプです。優しさゆえに他人の感情に飲み込まれやすいところもありますが、自分のペースを守ることでエネルギーが安定します。誰かを支えることで自分も成長できる人です。","恋愛では優しく誠実。相手に尽くすタイプで、愛されるよりも愛したいと感じます。尽くしすぎると疲れてしまうので、無理をしないことが幸せのコツ。穏やかな時間を共有できる人と相性が良いです。","仕事では調整力と優しさが光り、職場の潤滑油として穏やかに環境を整える力があります。人の感情に敏感で、困っている人に寄り添えるため、教育・福祉・医療・カウンセリング・接客など、人を支える分野で活躍できます。ただし他人の感情を抱え込みやすく、気づかぬうちに疲れをためてしまうことも。自分を優先する時間を意識的に確保することで、心のバランスが整い、より大きな成果を上げられます。あなたの穏やかな存在は職場に癒しをもたらし、信頼の輪を広げていくでしょう。"
銀のインディアン座,6,柔らかな光で人を導く支援者,"あなたは穏やかで柔らかな雰囲気を持ち、自然と人に安心感を与えるタイプです。慎重で誠実、どんな状況でも冷静に判断できる安定感があります。変化に敏感でありながら、周囲に流されず自分の価値観を大切にします。人を優しく導くことで信頼を集め、運を広げていけるでしょう。","恋愛では包み込むような優しさを発揮します。相手の気持ちを察して行動できるため、安心感を与えられる人です。自分の思いをため込みすぎず、時には素直に頼ることが愛を深める鍵です。","仕事では誠実さと安定感が評価され、周囲から強い信頼を寄せられるタイプです。どんな状況でも冷静に判断でき、調整役としても優れています。教育・医療・行政・福祉・事務など、長く続けられる環境で力を発揮。慎重さが裏目に出ると行動が遅くなることもありますが、一度動き出すと着実に成果を積み重ねます。自分に厳しくなりすぎず、肩の力を抜くことで運が安定し、より大きな役割を任されるチャンスが増えるでしょう。"
銀のインディアン座,7,思慮深く心を癒す静かな賢者,"あなたは静かで落ち着いた雰囲気を持ち、周囲から安心感を与えられる人です。観察力が高く、人の心の動きを見抜く洞察力があります。慎重な性格ですが、信じた道をコツコツ進む粘り強さを持っています。感情を表に出すのが苦手でも、誠実な行動で信頼を築ける人です。","恋愛ではゆっくりと愛を育てるタイプ。一途で浮気をせず、誠実な関係を望みます。感情表現が控えめなため誤解されることもありますが、行動で愛を示すことで信頼が深まります。","仕事では観察力と粘り強さが光り、困難な状況でも冷静に道筋を立てられるタイプです。研究・教育・分析・事務など、深い思考や集中が求められる分野と相性が抜群。静かに努力を積み重ねるため短期的には目立ちませんが、長い時間をかけて確かな成果を残します。控えめな性格が誤解されやすいものの、行動で信頼を積み上げる職人肌。自分のペースを守るほど能力が発揮され、専門性が磨かれていくでしょう。"
銀のインディアン座,8,誠実さで人を照らす穏やかな導き手,"あなたは誠実でまじめ、どんな人にも公平に接することができる信頼の人です。堅実な努力を重ね、周囲に安心感を与えるタイプ。人との約束を大切にし、信頼関係を築くことが得意です。変化を嫌う傾向がありますが、環境が変わっても着実に成果を出せる力があります。穏やかな性格が人を引き寄せ、幸運を運びます。","恋愛では真面目で一途。相手をしっかり観察し、誠実な関係を築こうとします。恋が始まるまでに時間がかかりますが、信頼を得ると深い愛情を注ぎます。焦らず距離を縮めることで、穏やかな幸福が訪れます。","仕事では誠実な姿勢と責任感が高く評価され、組織の中核として信頼される存在です。真面目に取り組むことでチームを安定させ、教育・金融・公務・事務など堅実な分野で成果を出すタイプ。変化に慎重なため環境の変化には時間がかかりますが、一度慣れれば着実に力を発揮します。人との約束を大切にし、長期的な視点で物事を進める姿勢が成功の鍵。真っすぐな努力が評価され、大きな信頼と安定を手にするでしょう。"
銀のインディアン座,9,優しさと直感で道を照らす静かな自由人,"あなたは優しく穏やかで、感受性の高い自由人です。人の痛みを理解し、相手の立場に立って物事を考えることができます。自由を愛しますが、他者を大切にする思いやりも忘れません。考えすぎて動けなくなることがありますが、直感を信じて動くことで道が開けます。穏やかな笑顔が人を癒し、信頼を呼び寄せるでしょう。","恋愛では穏やかで誠実。相手に深く共感し、思いやりのある関係を築きます。理想が高くなりすぎるとチャンスを逃すこともあるため、自然体の出会いを楽しむと良いでしょう。","仕事では優しさと直感が武器となり、チームの雰囲気を穏やかに整える力があります。人の気持ちを深く理解し、裏方として丁寧に支えることで確かな信頼を築くタイプです。教育・福祉・医療・接客など、人と向き合う仕事で能力を発揮します。一方で優しさゆえに判断が遅くなることもあるため、迷った時は小さな選択から行動すると運気が回復。あなたの柔らかい感性が職場に安心感をもたらし、必要とされる存在として長く活躍できるでしょう。"
金の鳳凰座,0,情熱と信念で未来を築く不屈の炎,"あなたは強い意志と情熱を持つ不屈の努力家です。一度決めたことは最後までやり抜き、周囲が諦めてもあなたは燃え続けます。忍耐力と誠実さがあり、困難を力に変える力を秘めています。慎重で頑固な一面もありますが、その真面目さが信頼を生みます。焦らず時間をかけて築いたものが、やがて大きな成果となって返ってくるでしょう。あなたの情熱が、未来を輝かせる原動力です。","恋愛では一途で情熱的。好きになると深く思い込み、相手を全力で支えます。誠実さが魅力ですが、独占欲が強く出ることも。信頼を築くことを意識すれば、長く穏やかな関係を育てられます。","あなたの仕事運は、堅実な努力が着実に実を結ぶ流れです。派手さよりも継続力が評価され、長期的なプロジェクトや専門性が求められる環境で力を発揮します。一度任された仕事に真摯に向き合い、途中で投げ出さず最後までやり遂げる姿勢が大きな信頼につながるでしょう。人の役に立つことに喜びを感じるあなたは、教育・福祉・医療・行政など「支える仕事」と好相性です。時間をかけて技術を習得するほど運が安定し、特に30代以降に大きく飛躍する暗示。焦らず歩み続けることで、目に見える成果が確実に積み上がっていきます。"
金の鳳凰座,1,理想を掲げて挑み続ける求道者,"あなたは理想を追い求め、高みを目指す誇り高き人です。自分に厳しく、常に成長を求めて努力を惜しみません。周囲に流されず信念を貫く姿勢は、多くの人に勇気を与えます。完璧を求めすぎて疲れることもありますが、立ち止まる時間も大切です。焦らず歩みを続けることで、理想が現実へと変わっていくでしょう。","恋愛では誠実で真面目な関係を望みます。相手を深く思いやりますが、完璧を求めすぎて自分を縛ることも。少し肩の力を抜き、自然体で接することが幸せの鍵です。","あなたは高い理想を持ちながら堅実に努力を続けるタイプで、その姿勢が周囲から厚い信頼を得ます。仕事運は「積み重ね」と「誠実さ」が鍵となり、短期的な成果よりも長期的に実績を積むほど評価が上がる流れです。教育・経営・法律・研究など、責任感が求められる分野で実力を発揮するでしょう。完璧を求めすぎると自分を追い込みやすいので、時には人を頼る柔軟さも必要です。信念を持って進みつつも、周囲との協調を意識すると仕事の幅が大きく広がります。努力の方向性が定まることで、確かな成功へとつながっていく運気です。"
金の鳳凰座,2,静かな情熱で道を切り拓く堅実家,"あなたは内に強い情熱を秘めた努力型。派手さはなくても、着実に成果を積み重ねていくタイプです。物事に真摯に向き合い、周囲の信頼を得ていきます。慎重で計画的な性格ですが、時に自分を縛りすぎて動けなくなることも。柔軟さを意識すれば、運がさらに広がります。努力を惜しまないあなたの姿は、多くの人の励みになるでしょう。","恋愛では控えめで真面目。時間をかけて信頼を築くタイプです。愛情表現が苦手でも、誠実さで伝わります。相手を信じて委ねることで、より深い絆が生まれます。","あなたは慎重で堅実な姿勢が高く評価されるタイプ。派手さはありませんが、じっくり取り組むほど力を発揮し、信頼を積み重ねていける仕事運です。特に研究・経理・事務・公務など「正確さ」と「継続」が求められる分野で能力が開花するでしょう。計画的に物事を進めるスタイルのため、大きな失敗をせず安定したキャリアを築けます。反面、慎重さが強く出すぎるとチャンスを逃しやすいので、時には思い切って一歩踏み出す勇気も必要です。丁寧な積み重ねがあなたの最大の武器であり、年月と共に評価が確実に高まる運気です。"
金の鳳凰座,3,努力で夢を現実に変える堅実な挑戦者,"あなたは忍耐と根気に優れ、どんな困難も乗り越える力を持つ人です。夢を現実に変えるために努力を惜しまず、地道な行動を続けられます。信念を持ち、責任感が強く、周囲から信頼されるタイプ。焦らず一歩ずつ進めば、大きな成果を手にできます。途中で諦めない粘り強さが、人生を支える財産になるでしょう。","恋愛では一途で誠実。恋に対しても慎重で、相手をよく観察してから心を開きます。安定した関係を求め、浮ついた恋とは無縁。信頼を重ねるほど愛が深まります。","あなたの仕事運は「粘り強さ」と「誠実さ」が主役。どんな困難も着実に乗り越え、地道な努力で周囲を感心させるタイプです。すぐに成果が出ない仕事でも、諦めずに取り組むことで実力が磨かれ、やがて大きな成果に結びつきます。製造・研究・教育・管理職など「継続」が力になる分野と相性が良いでしょう。責任感が強く、人から任される役割も増えやすい運気ですが、一人で抱え込みすぎると疲れてしまうことも。適度に相談しながら進めると仕事運がさらに安定します。じっくり積み上げた経験が将来の強い武器になります"
金の鳳凰座,4,誇り高く使命を果たす守護者,"あなたは誇り高く、責任感の強いタイプです。人のために尽くすことを喜びとし、周囲から頼られる存在。誠実で筋を通すため、曲がったことを嫌います。頑固に見えることもありますが、それは信念の表れ。感情に流されず、自分の使命を果たす姿勢が、やがて人を導く光となるでしょう。","恋愛では義理堅く、一度決めた相手を深く愛します。自分の気持ちに正直で、浮ついた関係を嫌います。慎重なあまりチャンスを逃すこともありますが、誠実な愛は必ず実ります。","あなたは誠実さと責任感が際立ち、組織の中で頼られる存在として輝きます。仕事運は「信頼の積み重ね」によって大きく開くタイプで、管理職・教育・行政・公務など、筋を通す職業と相性抜群です。正義感が強く曲がったことを嫌うため、判断を任される立場でも実力を発揮できます。ただし、頑固さが出ると柔軟性が欠けるように見えることもあるので、意見を聞く姿勢を意識すると運気がさらに安定。使命感を持って働くほど成果がついてくる流れで、長期的に見て安定しながら着実に成功へ向かう運気です。"
金の鳳凰座,5,情熱と覚悟で道を拓く挑戦者,"あなたは情熱的で行動的。自分の信じた道を突き進むタイプです。理想が高く、困難に直面しても諦めず挑戦を続けます。エネルギッシュで人を引っ張る力があり、周囲に希望を与える存在です。頑固な面もありますが、その信念が成功を引き寄せます。燃えるような情熱を持ちながらも、冷静な判断力を忘れないことが運を呼びます。","恋愛では情熱的で一直線。好きになったら全力で尽くします。相手を信じすぎて傷つくこともありますが、誠実な思いは必ず報われます。真心を持つことで、永続的な愛が育つでしょう。","あなたは情熱的で行動力があり、困難な状況でも前向きに突破していくタイプです。仕事運は「エネルギー」と「リーダーシップ」が鍵で、営業・企画・経営・広報など、挑戦のある分野で真価を発揮します。直感力と決断力に優れ、周囲を鼓舞しながらチームを引っ張る力があります。ただし勢いが強すぎると無理をしがちなので、休息と調整を忘れないことが重要です。計画性を意識するとよりスムーズに成果につながり、あなたの情熱が大きな成功を呼び込むでしょう。挑戦を続けることが、運気上昇の最大のポイントです。"
金の鳳凰座,6,信念を貫き理想を形にする情熱家,"あなたは信念を大切にし、自分の理想を実現するために努力を惜しまない人です。周囲に流されず、強い意志で物事を進めます。時に頑固に見えますが、誠実でブレない姿勢が多くの人に信頼を与えます。困難に直面しても、諦めずに立ち向かう勇気を持っています。あなたの情熱は、人生に確かな軌跡を残すでしょう。","恋愛では誠実で、深い愛情を持つタイプ。相手に真面目に向き合い、信頼を重んじます。愛情表現は控えめですが、行動で示す誠実さが魅力です。","あなたの仕事運は「信念」と「責任感」で成り立っています。周囲に流されず、正しいと思った方向へ進む姿勢が高く評価されます。管理職・教育・組織運営・法律関係など、長期的な視野と真面目さが求められる職種で特に成功する運気です。粘り強さがあるため、困難な課題にも最後まで向き合うことができ、その姿勢が信頼につながります。頑固さが出ると周囲と衝突することもありますが、柔軟性を意識するだけで仕事の幅は一気に広がるでしょう。信念を貫きつつ協調も大切にすると、大きな成果につながります。"
金の鳳凰座,7,静かな闘志を秘めた献身の人,"あなたは落ち着いていて穏やかに見えますが、内に燃えるような闘志を秘めています。人を支えることに喜びを感じ、誠実に努力を重ねるタイプです。無理をしても弱音を吐かないため、周囲からは強い人と見られますが、心のケアも大切に。地道な積み重ねが大きな成功へとつながります。","恋愛では献身的で、相手を支える愛情深いタイプです。控えめでも心は熱く、一度愛したら長く尽くします。相手に合わせすぎず、自分の幸せも大切にすることで関係が安定します。","あなたは控えめに見えて内側に強い意志を持ち、献身的に努力できるタイプです。仕事運は「継続力」と「誠実さ」が軸となり、医療・教育・公務・福祉など、人を支える職場で力を発揮します。無理をしても弱音を吐かない強さがありますが、抱え込みすぎると心が疲れてしまうことも。適度に周囲を頼ることで仕事がよりスムーズに進むでしょう。地道に積み重ねた経験は必ず評価され、長期的に安定したキャリアを築ける運気です。穏やかな献身が、未来の大きな成功へとつながります"
金の鳳凰座,8,信頼を糧に成長する堅実な守護者,"あなたは真面目で誠実、どんな状況でも安定した判断ができる人です。人との信頼を何よりも大切にし、一度築いた絆を長く守り抜きます。慎重でミスが少なく、確実な結果を出す堅実派。急がず着実に歩むほど運が安定します。誠実な努力が、周囲からの信頼と幸運を引き寄せるでしょう。","恋愛では穏やかで思いやりにあふれたタイプ。派手さはなくても、誠実な愛で相手を包みます。焦らず時間をかけて信頼を築くことで、安定した愛が続きます。","あなたの仕事運は「計画性」と「誠実さ」が柱となり、組織内で安定した評価を得られるタイプです。サポート職・管理職・事務・公務など、正確さや責任感が求められる環境で力を発揮します。慎重でミスが少なく、長期的に信頼を積み重ねられることが大きな武器です。反面、変化が苦手な面があり、新しい環境に戸惑うこともありますが、一度慣れれば強い力を発揮できます。焦らず自分のペースで取り組むことで、運気は安定し発展的になります。誠実な努力が将来の財産となる仕事運です。"
金の鳳凰座,9,誇りを胸に道を照らす理想の導き手,"あなたは理想と信念を胸に、人々の道を照らす存在です。情熱と誠実さを兼ね備え、周囲に安心感を与えます。困難なときでも前を向き、諦めずに努力を続けられる強さがあります。完璧を求めすぎず、人を信じることで人生が豊かになります。あなたの生き方が、誰かの希望の光となるでしょう。","恋愛では真面目で誠実。相手を大切に思い、長く信頼を育むタイプです。完璧を求めすぎず、ありのままを受け入れることで愛が深まります。","あなたは誇りと信念を持って働くタイプで、周囲に安心感を与える存在です。仕事運は「責任感」と「リーダーシップ」が鍵で、教育・管理・経営・行政など、人を導く立場で特に力を発揮します。穏やかでも内面には強い意志があり、長期的な視点で物事を判断できるのが強み。完璧を求めすぎると疲れやすいため、適度な休息と周囲への信頼を意識すると運気が安定します。誠実な姿勢でコツコツ積み重ねた努力が、大きな成功へとつながる運勢です。"
銀の鳳凰座,0,静かな情熱を胸に歩む献身の炎,"あなたは穏やかで落ち着いた雰囲気を持ちながら、内側に強い情熱を秘める人です。一見控えめでも、信じたことは決して曲げません。誰かを支えることで力を発揮し、周囲の人を温かく包みます。感情を抑えがちですが、心の奥には燃えるような意志があります。焦らず時間をかけて築いたものが、やがて大きな実りをもたらすでしょう。あなたの静かな情熱は、確かな信頼を育てます。","恋愛では深く一途に相手を想います。自分からアプローチするのは苦手でも、愛情はとても深く温かいタイプです。相手に尽くすあまり我慢を重ねる傾向があるので、素直に感情を伝えることが幸せの鍵です。","あなたの仕事運は「献身」と「継続力」が主役。控えめに見えても内側に強い意志があり、長期的な努力を続けられるタイプです。教育・福祉・医療・事務・サポート職など、人を支える分野で真価を発揮します。地道な取り組みが評価され、時間をかけて着実に信頼を築く運気です。責任感が強すぎて自分を追い込みやすいので、適度に感情を表に出すことで心が軽くなり、仕事の質も上がります。焦らず丁寧に積み重ねる姿勢が運気を安定させ、30代以降に大きな実りを迎えるでしょう。"
銀の鳳凰座,1,誠実な努力で未来を育てる献身者,"あなたは誠実で忍耐強く、目の前のことに真摯に取り組む努力家です。急がず確実に進むタイプで、安定感と信頼をもたらします。人に尽くす優しさと責任感を持ち、誰かのために頑張れる人です。頑固に見えるほど意志が強いですが、その誠実さがあなたの最大の魅力。焦らず努力を重ねることで、着実に運を開いていけるでしょう。","恋愛では慎重で誠実。相手に対して深い愛情を注ぎ、信頼を重んじるタイプです。感情表現は控えめでも、行動で誠実さを示します。無理をせず、自分のペースで関係を育むと幸せが長続きします。","あなたは誠実で忍耐強く、目標に向けて努力を積み重ねられるタイプです。仕事運はとても安定しており、時間をかけて専門性を磨くほど評価が上がる傾向があります。教育・経理・医療・行政・研究など「確実性」が求められる仕事に適性あり。責任感が強いため任される仕事も増えますが、抱え込みすぎると疲れやすいので注意が必要です。自分のペースを守りながら丁寧に取り組むことで、キャリアは順調に発展します。誠実な努力が必ず実を結ぶ運気です。"
銀の鳳凰座,2,穏やかな信念で人を包む守り人,"あなたは優しく穏やかで、周囲の人を安心させる存在です。争いを好まず、調和を保つことが得意。控えめながらも、芯はとても強く、いざという時には頼りにされるタイプです。自分の信じる道を静かに貫き、着実に成果を積み重ねます。焦らず歩むその姿勢が、やがて人を導く光となるでしょう。","恋愛では思いやり深く、相手に合わせるのが上手です。穏やかな愛を求め、ゆっくり関係を育てていきます。優しさゆえに自分を抑えすぎることがあるので、素直に気持ちを伝えることで愛がより深まります。","あなたの仕事運は「調和」と「努力」が鍵。控えめながらも堅実に行動し、安定した成果を出すタイプです。教育・福祉・医療・サポート業務との相性が良く、周囲の信頼をゆっくり積み上げていきます。衝突を避けたい気持ちから引き受けすぎる傾向がありますが、境界線を作ることで疲れにくくなります。焦らず自分に合ったリズムで働くことで、長期的な評価が得られる流れです。静かな情熱でコツコツ取り組む姿勢が、仕事運を安定させます。"
銀の鳳凰座,3,忍耐と優しさで道をつなぐ誠実な支え手,"あなたは真面目で努力を惜しまない人です。どんな環境でも責任を持って取り組み、信頼を得ます。穏やかに見えて内面はとても粘り強く、困難な状況でも諦めずに道を探す力があります。焦らずコツコツ積み重ねることで、確実な成果を手にできるタイプです。人に対して誠実であることが、人生の支えとなるでしょう。","恋愛では誠実で控えめ。時間をかけて信頼を築くタイプです。派手な恋よりも穏やかで安定した関係を好みます。相手に尽くしすぎず、対等な関係を意識すると幸せが長続きします。","あなたは真面目で責任感が強く、どんな仕事でも丁寧にこなせるタイプ。仕事運は堅実で、サポート役・調整役として評価されやすい傾向があります。教育・事務・福祉・医療など、人の役に立つ職場で力を発揮します。地道な努力が周囲の信頼を呼び、長期的に安定したキャリアが築ける運気です。控えめな性格ゆえに損な役回りを引き受けやすいので、時には自分の意見を伝えることも大切。優しさと誠実さがあなたの最大の武器となり、着実な成功へつながります。"
銀の鳳凰座,4,誠実な努力で信頼を積む静かな情熱家,"あなたは穏やかで控えめですが、内には強い信念を持つ人です。周囲の期待に応える責任感が強く、常に誠実であろうとします。派手さはありませんが、地道な努力を積み重ねる姿勢が周囲に安心感を与えます。信頼を築くことに時間をかけるほど、運が安定していくタイプです。","恋愛では真面目で一途。相手に深く尽くすタイプですが、思いをため込みやすい面も。素直に気持ちを表現することで、愛が深まります。","あなたの仕事運は「誠実さ」と「積み上げ」に支えられています。目立たなくても着実に成果を残し、安定した評価を得るタイプ。教育・経理・行政など、堅実な職場で真価を発揮します。責任感が強く、任されたことを最後までやり遂げる姿勢が信頼につながる運気です。慎重さが災いして判断が遅くなることもありますが、焦らず自分のリズムを保てば問題ありません。コツコツと積み上げた努力が必ず評価され、長期的に見て大きな安定を手にする仕事運です。"
銀の鳳凰座,5,静かに燃える信念を貫く努力家,"あなたは静かな中に強い情熱を秘める人です。外見は穏やかでも、内面には決して揺るがない信念があります。努力を重ねることで成果を出すタイプで、どんな困難も着実に乗り越えます。派手さはなくても、信頼を積み上げる力は抜群。忍耐と誠実さが、あなたの人生を確かなものにします。","恋愛では誠実で一途。愛情表現は控えめでも、相手への思いは深く真面目です。無理に自分を変えようとせず、自然体でいられる関係を築くことが幸せの鍵です。","あなたは静かな情熱を秘め、地道に努力を続けるタイプ。仕事運はとても堅実で、時間をかけてゆっくり成果を積み上げていく流れです。研究・教育・管理職・技術職など、粘り強さが求められる分野と相性抜群。派手な活躍よりも、正確さと継続力で評価される仕事が向いています。感情を抑え込みやすいので、適度に息抜きをすることで仕事の質も上がります。信念を持って歩む姿勢が、将来の確かな成功につながる運気です。"
銀の鳳凰座,6,堅実に道を歩む誠実な守護者,"あなたは誠実で真面目、周囲から深く信頼される人です。慎重で計画的に行動するため、大きな失敗が少なく、安定した道を歩みます。人のために尽くす優しさと責任感を併せ持ち、長期的な信頼を築く力があります。焦らずに努力を続けるほど、運が着実に上昇します。","恋愛では誠実で真面目な関係を大切にします。時間をかけて愛を育むタイプで、浮ついた関係は好みません。信頼を重ねるほど愛が深まります。","あなたの仕事運は「安定」と「誠実さ」がテーマ。慎重で計画的に行動するため、長期的に安定した成果を出せます。教育・公務・経理・管理職など、責任感と堅実さが求められる職場で評価される運気です。急な変化は苦手でも、一度仕事に慣れれば継続力が発揮され、組織に欠かせない存在となります。完璧を求めて自分を追い込むことがあるため、時には休息と調整が必要です。誠実な姿勢が周囲の信頼を呼び、安定したキャリアへとつながります。"
銀の鳳凰座,7,粘り強く理想を追う静かな探求者,"あなたは落ち着いていて冷静、どんな状況でも慌てないタイプです。目立たないところで努力を重ね、確実に成果を出します。物事を深く考え、理想を形にしていく力があります。完璧を求めすぎると疲れてしまうこともあるので、自分を許すことが大切です。静かな歩みが、やがて大きな実りをもたらします。","恋愛では慎重で誠実。相手の本質をよく見極めてから関係を築きます。愛情表現は控えめですが、深い信頼で結ばれるタイプです。","あなたは落ち着いた雰囲気と冷静な判断力を持ち、コツコツ積み重ねる仕事運の持ち主です。研究・技術・教育・分析系の分野で特に力を発揮します。慎重で丁寧な仕事ぶりが評価され、時間をかけて信頼を築くタイプ。完璧主義が強く出ると疲れやすいため、ほど良いところで区切る習慣をつけると運が安定します。自分のペースで取り組むことで実力が伸び、30代以降に成果が表れやすい運気です。静かでも芯の強い努力が、確かな成功へ導いてくれます。"
銀の鳳凰座,8,献身と誠実で信頼を築く静かな炎,"あなたは穏やかで優しく、周囲の人を安心させる存在です。困っている人を見ると放っておけず、自然と助けてしまう優しさを持っています。感情を表に出すのが苦手でも、行動で誠実さを示すタイプ。人との絆を大切にし、時間をかけて信頼を積み重ねます。","恋愛では一途で温かい愛情を注ぎます。相手を支えることを喜びとし、穏やかな関係を築くタイプ。感情を抑えすぎず、素直に愛を表現すると関係がより深まります。","あなたは献身的で責任感が強く、人を支える仕事で大きく活躍するタイプです。教育・医療・公務・福祉など「人のため」がキーワードの職場との相性がとても良い運気。控えめでも誠実な行動が評価され、長期的に安定したキャリアを形成できます。人を助けすぎて自分を後回しにしがちなので、境界を引くことが大切。周囲との信頼関係が深まるほど、責任ある役割を任されるようになるでしょう。あなたの優しさがそのまま仕事運を底上げします。"
銀の鳳凰座,9,静かな誇りで道を照らす導き手,"あなたは誇り高く、穏やかな情熱を持つ人です。どんな状況でも自分を見失わず、誠実に行動します。派手さはありませんが、堅実に信頼を積み重ねていくタイプ。静かな中にある意志の強さが、あなたの最大の魅力です。焦らずに努力を続けることで、周囲に影響を与える存在となるでしょう。","恋愛では真面目で誠実。相手を信じ、長く関係を築くタイプです。完璧を求めすぎず、お互いの違いを受け入れることで、穏やかな愛が長続きします。","あなたの仕事運は「誠実」「堅実」「信頼」が三本柱。控えめながらも確実に成果を上げ、組織を支える存在として高く評価されます。教育・管理職・公務・研究など、長期的な努力が実を結ぶ分野で力を発揮します。派手さはないものの、静かな誇りを持つ働き方が運気を安定させてくれます。完璧を求めすぎて自分を厳しくしがちなので、肩の力を抜くことが成功の鍵。積み上げた努力が必ず形となり、周囲に影響力を持つ立場へと成長していく運気です。"
金の時計座,0,調和を重んじる誠実な整え人,"あなたは周囲の空気を敏感に感じ取り、必要な場面でそっと支えに回れる誠実なタイプです。人に優しく、どんな相手にも礼儀をもって接するため、自然と信頼を集めます。慎重で丁寧に物事へ向き合い、時間をかけてでも確実な成果を出すことができる安定感の持ち主です。一方で、自分より相手を優先しすぎて疲れてしまうことも。完璧を求めすぎず“今の自分で十分”と認めることで心のバランスが整い、あなた本来の優しさがより大きな力へと変わっていきます。","恋愛では相手に寄り添いすぎてしまうほどの優しさが魅力となりますが、尽くしすぎて負担になることも。誠実で穏やかな相手と相性が良く、ゆっくり信頼を育てる恋で幸福が育ちます。遠慮が続くと気持ちが伝わらないため、素直な言葉を心がけると関係が深まるでしょう。結婚後は穏やかな家庭をつくり、献身的に支える一方、自分だけが抱え込まない工夫が幸せを守る鍵になります。","仕事では丁寧さと責任感が最大の武器です。ミスの少ない着実な働きぶりで、事務・教育・医療・福祉など“人や環境を整える仕事”で力を発揮します。調整役としての適性があり、縁の下の力持ちとして組織全体を支える存在になるでしょう。ただし、抱え込みすぎると疲れが溜まるため、タスクの優先順位を見直すことが大切。積み重ねた努力が評価され、長期的な信頼と安定を手にします。"
金の時計座,1,静かな情熱を内に秘めた努力家,"あなたは穏やかで控えめな印象の中に、燃えるような情熱と粘り強い意志を秘めたタイプです。慎重で丁寧な姿勢から信頼されやすく、約束やルールを守る誠実さが魅力。焦らず着実に進むことで確かな成果を生み、周囲に安心感を与えます。ただ、慎重さが強まりすぎると自信を失ったり、一歩が踏み出せなくなったりすることも。“小さく挑戦する”意識を持つと、あなたの内にある情熱が前向きな力として開花していきます。","恋愛では誠実で落ち着いた関係を求め、ゆっくり時間をかけて気持ちを育てるタイプです。自分から積極的にアプローチすることは少ないものの、心が決まると一途で深い愛情を注ぎます。言葉で気持ちを表すのが苦手なため、相手に誤解されることも。感謝や思いは意識的に伝えると関係は安定し、結婚後は温かな家庭を築けるでしょう。","仕事では丁寧な作業と持続力が最大の強み。事務・経理・研究・医療など、正確さと集中力が求められる職場で能力を発揮します。責任ある業務を任されても堅実にこなし、着実な成果を積み上げるタイプです。慎重ゆえに判断が遅れがちですが、経験値を増やすほどスムーズに動けるようになります。信頼を積み重ねることで、長く安定したキャリアを築いていくでしょう。"
金の時計座,2,静かに支えを築く献身的な守り人,"あなたは人の気持ちに寄り添う力が高く、自然と相手を支える献身的なタイプです。穏やかで調和を大切にし、誰に対しても丁寧に接するため、周囲から信頼されやすい存在です。慎重で控えめながら、必要な場面では粘り強く取り組み、確実に成果を出すことができます。一方で、自分を後回しにしすぎる傾向があり、疲れがたまると心が不安定になりやすい面も。“できることだけやる”と線引きできると、あなたの優しさがより健やかに輝いていきます。","恋愛では相手を大切にしようとする気持ちが強く、尽くしすぎてしまう傾向があります。穏やかで誠実な相手と相性が良く、信頼をゆっくり育てる恋が向いています。依存されやすい一面があるため、適度な距離感を意識することで関係が安定。結婚後は家庭を丁寧に整え、献身的に支えるパートナーとなりますが、我慢をため込まないことが幸運の鍵。弱さを共有できる関係ほど愛が深まります。","仕事では気配りと誠実さが光ります。事務・医療・教育・福祉など、人を支える分野で能力を発揮し、組織の潤滑油のような存在に。頼まれごとが多くなりがちですが、一つひとつ丁寧にこなすことで信頼が積み重なり、重要な役割を任されるようになります。慎重な判断力が強みですが、時にスピードを意識すると仕事の幅が広がり、さらに成長していくでしょう。"
金の時計座,3,誠実な心で場を整える穏やかな調整者,"あなたは相手の気持ちを敏感に読み取り、場の空気を整える調整者タイプです。真面目で几帳面、誰に対しても誠実に向き合う姿勢が多くの信頼を集めます。慎重で計画的に物事を進めるため、大きなミスが少なく、安定した成果を出せるのが強み。ただし責任感が強すぎると抱え込みやすく、心が疲れてしまうこともあります。ときには周囲に頼ることで気持ちに余裕が生まれ、あなた本来の穏やかさがより輝くでしょう。","恋愛では穏やかで誠実な相手を求め、ゆっくりと信頼を築くタイプです。控えめなところが魅力ですが、気持ちを伝えることが苦手で誤解されることも。感謝や好意を積極的に言葉にすると関係が安定します。結婚後は家庭を落ち着いた場所に整え、誠実に支えるパートナーとなります。心配性が出すぎると相手を縛ってしまうことがあるため、安心できる対話が絆を深めるカギに。","仕事では計画性と誠実さが最大の武器。事務・経理・教育・法律・医療など、正確さが求められる仕事で力を発揮します。トラブルの際も落ち着いて対処でき、周囲から頼りにされる存在に。慎重ゆえ判断が遅れる場面もありますが、経験を積むことで判断力が磨かれ、より大きな仕事を任されるようになります。コツコツ積み上げる姿勢が強みとなり、長期的に高い評価を得られるでしょう。"
金の時計座,4,丁寧さを力に変える粘り強い実務家,"あなたは几帳面で丁寧、責任をもって物事に向き合う堅実な実務家タイプです。時間をかけてでも確実に成果を出すことができ、周囲から安心して仕事を任される存在です。慎重で控えめな性格ですが、決めたことは最後までやり遂げる粘り強さがあります。一方、完璧を求めすぎると自分を追い込みやすいため、ときには肩の力を抜くことが必要。“適度に手を抜く勇気”があなたの優しさと努力をより健やかなものにしてくれるでしょう。","恋愛では誠実で温かい関係を求め、長く続く堅実な恋が向いています。心を開くまで少し時間がかかりますが、一度好きになると一途で深い愛情を注ぎます。尽くしすぎるあまり、相手に合わせてばかりになると疲れやすいため、自分の気持ちも大切にすることが幸運のポイント。結婚後は家庭をしっかり守り、穏やかで安定した生活を築いていきます。","仕事では丁寧さと継続力が評価され、事務・研究・経理・医療など“正確さ”が求められる職種に向いています。慎重に物事を進めるため大きなミスが少なく、長期的なプロジェクトでも力を発揮します。ただし細部にこだわりすぎてスピードが遅くなることも。優先順位を意識すると作業効率が上がり、さらに大きな信頼を得られるでしょう。"
金の時計座,5,静かな集中力で成果を積む堅実な守護者,"あなたは穏やかで控えめながら、内に強い集中力と責任感を秘める努力家タイプです。何事も丁寧に積み重ね、時間がかかっても確実に形にしていく能力があります。周囲に安心感を与える落ち着いた雰囲気が魅力で、頼られることも多いでしょう。慎重さが強く出ると不安が先に立ち動けなくなることがありますが、小さな成功体験を積むことで一歩が軽くなります。穏やかな環境を選ぶことで運気が安定し、あなたの集中力が最大限に活かされます。","恋愛では誠実で落ち着いた相手と相性がよく、ゆっくり愛を育てる傾向があります。控えめな性格から自分の気持ちを抑えてしまうことがありますが、素直に弱さを見せることで距離が縮まるでしょう。安心感を重視するため、穏やかで真面目な相手との結婚は安定しやすい傾向に。尽くしすぎると疲れが出るため、自分の時間を守ることが良縁を引き寄せるポイントです。","仕事では地道な努力と責任感が最大の武器です。事務・経理・研究・教育など“継続力と丁寧さ”を必要とする職場で力を発揮します。慎重で落ち着いた判断は組織に安定をもたらしますが、判断が遅れチャンスを逃すことも。経験を積むことで自信が育ち、より大きな役割を任されるようになります。"
金の時計座,6,信頼を築く丁寧な実力者,"あなたは穏やかで誠実、丁寧に物事へ向き合う実力者タイプです。慎重で控えめながら、任されたことには真剣に取り組み、確実に成果を出します。責任感が強く、どの環境でも信頼される存在です。一方で気配りが多すぎて疲れることも。自分を守る境界線を引くことで、心の安定と本来の力がより発揮されます。焦らず進む姿勢が成功のカギとなり、あなたの穏やかさは長期的な信頼へとつながっていくでしょう。","恋愛では誠実で落ち着いた関係を求め、じっくりと信頼を積むスタイルです。心を開くまでに時間がかかりますが、一度好きになると深い愛情を注ぐタイプ。尽くしすぎてしまうところがあり、自分の気持ちを抑えやすいため、素直な言葉を意識すると関係がスムーズに進展します。結婚後は堅実で温かな家庭を築きますが、頑張りすぎは禁物。頼る勇気が愛情をさらに深めます。","仕事では丁寧さと誠実さが高く評価されます。事務・研究・医療・経理など、正確さを求められる仕事で力を発揮。慎重な判断は組織の安定に貢献しますが、決断に時間がかかることも。小さな挑戦を積み重ねることで経験が増え、判断力が磨かれます。長期的に安定したキャリアを築けるタイプです。"
金の時計座,7,静かな芯を持つバランス型の安定者,"あなたは静かで落ち着いた雰囲気の中に、揺るがない芯の強さを秘めたタイプです。場を乱さず調和を守る力が高く、周囲から自然と信頼される存在です。慎重で丁寧に物事を進めるため、ミスが少なく安定した成果を生み出します。完璧を求めすぎると不安が強まり、心が疲れることもあるため、自分の弱さを受け入れることが大切。ペースを守ることであなたの本来の力が最大限に発揮されます。","恋愛では控えめながら誠実な愛情を注ぐタイプで、安心感を大切にする相手と相性が良いでしょう。気持ちを言葉にするのが苦手で“本心がわかりにくい”と思われることがありますが、ゆっくり育つ恋だからこそ深い絆に変わります。結婚後は家庭を着実に支える堅実なパートナーとなりますが、頑張りすぎると疲れるため、甘える勇気が幸福のカギに。","仕事では落ち着いた判断力と丁寧さが光り、事務・教育・経理・医療など正確性を求められる分野に向いています。慎重な姿勢は大きなミスを防ぎ、長期的な成果につながります。決断が遅れる場面もありますが、経験を積むことで判断力が向上し、より大きな役割を任される存在へ成長していきます。"
金の時計座,8,静かに責任を全うする堅実な献身家,"あなたは控えめで落ち着いた雰囲気の中に、強い責任感と献身性を秘めたタイプです。周囲の期待に応えようと努力する姿勢は多くの人に安心感を与えます。丁寧で慎重なため大きなミスが少なく、組織の安定を支える存在です。ただし、頑張りすぎて心身の負担になることも。“できる範囲を決める”ことで自分を守りつつ、能力を最大限に発揮できるでしょう。穏やかな環境を選ぶと運気はさらに安定します。","恋愛では誠実で一途。ゆっくりと信頼を育てる恋が向いています。控えめな性格から気持ちを抑えてしまうことがありますが、素直に言葉にするほど関係が深まります。結婚後は尽くすタイプで、家庭を丁寧に支える献身的なパートナーとなるでしょう。ただし相手に合わせすぎると疲れるため、心の負担は早めに共有することが大切です。","仕事では地道な努力と責任感の強さが武器。事務・経理・研究・医療など“確実さ”を求められる仕事で力を発揮します。慎重で安定した判断は組織の信頼を生み、重要な役割を任されることも。抱え込みすぎる傾向があるため、早めに相談する体制を整えることで負担が軽くなり、より伸びやかに活躍できるでしょう。"
金の時計座,9,静かな努力を積む誠実な職人気質,"あなたは控えめで落ち着いた雰囲気の中に、強い集中力と誠実さを秘めた職人気質のタイプです。細やかな作業を丁寧に積み重ね、確実に成果を出すことができます。周囲の空気を敏感に感じ取りすぎて疲れてしまうことがあるため、自分のペースを守ることが心の安定につながります。慎重さは大きな強みですが、挑戦が苦手な面もあります。小さな成功を積み上げることで自信がつき、あなた本来の能力がさらに広がっていくでしょう。","恋愛では誠実で穏やかな関係を求め、深く安定した絆を築くタイプです。控えめなため表現が少なく誤解を生むことがありますが、思いやりの深さは人一倍。安心できる相手と相性が良く、ゆっくり育つ恋が向いています。結婚後は家庭を落ち着いた場所に整え、堅実に支えるパートナーとなるでしょう。","仕事では丁寧さと集中力が強みで、事務・経理・研究・医療など正確さを求められる職場に適性があります。慎重な判断はミスを防ぎ、組織に安定をもたらします。大きな決断には時間がかかりますが、経験を積むほど判断が磨かれ重要な役割を任されるようになるでしょう。長期的な努力が評価へと繋がる人です。"
銀の時計座,0,慎重さで道を整える静かな調律者,"あなたは落ち着きと慎重さを併せ持ち、周囲の変化を静かに観察しながら最適な行動を選べるタイプです。人の気持ちに敏感で、些細な違和感にも気づける繊細さを持ちます。真面目で誠実、相手を傷つけないように丁寧に接する姿勢は多くの信頼を集めるでしょう。慎重さが強く出ると迷いやすく、行動が止まることがありますが、“一歩だけ進む”と決めることで流れが動きます。静かに環境を整え、ゆっくり運を育てるタイプです。","恋愛では心を開くまでに時間がかかりますが、一度信頼すると深く誠実に相手と向き合います。控えめで遠慮がちなため、自分の気持ちを伝えることが苦手で、好意が伝わりにくいことも。穏やかで落ち着いた相手と相性がよく、安心感があるほど愛情がゆっくりと育ちます。結婚後は家庭を丁寧に整え、静かな温かさを持つパートナーになりますが、一人で抱え込まない工夫が幸せを長く保つ鍵となるでしょう。","仕事では慎重で正確な働きぶりが評価され、事務・教育・医療・経理など、正確さが求められる職場に適性があります。ミスを避けるための段取りが上手で、長期的な作業でも安定して力を発揮します。ただし慎重すぎて判断が遅くなることも。経験を積むほど視野が広がり、判断力も強化されます。コツコツ積み重ねる姿勢が信頼となり、堅実なキャリアを築くタイプです。"
銀の時計座,1,静かな芯を持つ丁寧な努力者,"あなたは控えめで穏やかな印象の中に、揺るがない芯と粘り強さを秘める努力型のタイプです。場を乱さず調和を保てるため、周囲から安心感を持って迎えられます。物事を慎重に進めるためミスが少なく、信頼を着実に積み重ねていくでしょう。一方で、慎重さゆえに不安が先立ち、行動に時間がかかることも。“小さく挑戦する”を繰り返すことで自信が育ち、あなたの魅力がゆっくりと開花していきます。","恋愛ではゆっくりと絆を深めていくタイプで、誠実で落ち着いた相手と相性が良いでしょう。控えめで感情が表に出にくい分、本心が伝わりにくいときがありますが、丁寧なやりとりを重ねるほど関係が深まります。結婚後は家庭を整える力があり、相手に安らぎをもたらすパートナーに。ただし頑張りすぎて疲れやすいため、無理をしない習慣が幸せを守る鍵となります。","仕事では丁寧さと慎重な判断力が強み。事務・教育・研究・医療など、正確さが求められる職場に適性があります。責任を任されても落ち着いて取り組むため、長期的な信頼を得られるタイプです。慎重すぎると判断が遅れがちですが、経験を重ねるほどスムーズに対応できるようになります。堅実な努力がキャリアを確かなものにします。"
銀の時計座,2,心の機微に寄り添う静かな奉仕者,"あなたは人の気持ちの揺らぎに敏感で、相手の立場に寄り添うことのできる優しい奉仕者タイプです。控えめで誠実、無理に自分を押し通さず調和を選ぶ姿勢が多くの信頼を呼びます。物事を慎重に進めるため、派手さはないものの確実な成果を積み上げていく安定感があります。気配りが過剰になると、自分を追い込み疲れやすくなるため、休む勇気が大切。“自分も大事にする調和”を学ぶほど運が整います。","恋愛では相手に深く寄り添う分、尽くしすぎて疲れてしまうことがあるタイプ。控えめで遠慮がちなため、本心が伝わりにくいこともありますが、誠実で優しい性格は大きな魅力。安心感を大切にする穏やかな相手と相性がよく、少しずつ気持ちを共有することで関係が深まります。結婚後は家庭を守る力が強く、静かに支えるパートナーとなるでしょう。","仕事では丁寧な姿勢と気配りが武器。事務・研究・医療・福祉など、人を支える仕事に向いています。控えめで聞き上手なため、チームの潤滑油として高く評価されるタイプです。慎重さが裏目に出るとスピードが落ちることもありますが、経験を積むほど安定した成果を出せるようになります。コツコツと努力を積み重ねることで、信頼と安定したキャリアを築くでしょう。"
銀の時計座,3,静けさの中に優しさを宿す調整者,"あなたは控えめながら優しさの深い調整者タイプで、周囲の気持ちや場の空気を繊細に感じ取る力があります。穏やかで丁寧な性格のため、衝突を避けて調和を保つことが得意。慎重に物事へ向き合い、正確な成果を出せる安定感が魅力です。ただし、気を使いすぎて疲れをため込みがち。自分のペースを守りながら、無理のない距離感をつくることで本来の優しさが健やかに発揮されます。","恋愛ではゆっくりと絆を深めるスタイルで、誠実で落ち着いた相手との相性が抜群です。控えめで遠慮がちなため、気持ちが伝わりにくい一面がありますが、丁寧な対話を心がけるほど関係は安定します。結婚後は家庭を穏やかな場所に整え、相手を支える温かな存在に。ただし自分ばかりが我慢しないように、小さな自己主張が幸せのカギになります。","仕事では慎重さと丁寧さが光り、事務・経理・教育・医療など、正確さを求められる職種で力を発揮します。調整役として周囲に安心感を与えるタイプで、大きなミスが少なく長期的な成果を出します。一方で、決断に時間がかかる傾向があるため、経験を積むほど判断力が育ち、より幅広い仕事を任されるようになります。"
銀の時計座,4,慎重さと丁寧さを備えた静かな実務家,"あなたは慎重で几帳面、物事を丁寧に処理する実務家タイプです。控えめで落ち着いた雰囲気を持ちながら、任されたことは責任を持って最後までやり遂げる忍耐力があります。相手への気遣いが細やかで、周囲の人から安心して仕事や相談を任される存在になるでしょう。一方で、完璧を求めすぎて自分を追い込みやすいため“八割で良し”を合言葉にすると心が軽くなり、運気も安定していきます。","恋愛では慎重に距離を縮め、信頼を大切にした関係を築くタイプです。控えめで自分の気持ちを抑えてしまうことがありますが、一度心を許すと深い愛情を注ぎます。相手を優先しすぎると疲れが出るため、適度に自分の意見を伝えることが幸せの鍵。結婚後は家庭を安定させる力が強く、着実に関係を育てるパートナーとなるでしょう。","仕事では丁寧な作業と地道な努力が評価され、事務・研究・経理・医療など正確さが求められる分野で力を発揮します。責任感が強く、慎重な判断が組織の安定に貢献します。判断が遅れがちな部分は、経験を重ねることで改善され、より大きな役割を任されるようになるでしょう。"
銀の時計座,5,静かに成果を積む堅実な努力者,"あなたは控えめで落ち着いた雰囲気を持ちながら、地道に努力を積み重ねられる堅実なタイプです。慎重で丁寧な姿勢は多くの信頼を集め、時間をかけて着実に成長していきます。派手さはないものの、正確で安定した成果を出せるのが大きな強みです。気遣いが多く疲れやすいため、定期的に気持ちをリセットする習慣があると運が安定します。自分のペースを保つほど本来の力が発揮されるでしょう。","恋愛では落ち着いた関係を求め、誠実で優しい相手との相性が良いでしょう。心を開くまで時間がかかるものの、一度好きになると深い愛情を注ぎます。自分を犠牲にして相手に合わせすぎると疲れるため、小さな本音を共有することが鍵。結婚後は静かに家庭を支え、堅実な生活を築くパートナーとなります。","仕事では丁寧な作業と慎重な判断が光り、事務・経理・教育・医療など正確さが求められる職場に適性があります。コツコツ努力を積み重ねる姿勢は上司や同僚から高く評価され、長期的に信頼を築くタイプ。慎重さゆえに決断が遅れがちですが、経験を積むほど判断力が磨かれ、より大きな仕事を任されるようになるでしょう。"
銀の時計座,6,誠実さで信頼を築く静かな支え手,"あなたは控えめで誠実、丁寧に物事へ向き合う支え手タイプです。人の気持ちに寄り添う力が高く、穏やかな態度で周囲を安心させる存在です。慎重で正確な作業が得意で、大きなミスが少ないのも特徴。気配りが多く疲れやすい面があるため、自分を守る境界線を意識することで心の安定が保たれ、本来の力がより発揮されます。焦らず自分のペースで進むほど運が整うタイプです。","恋愛では誠実で落ち着いた関係を求め、穏やかな相手に惹かれます。控えめな姿勢ゆえ気持ちが伝わりにくい部分がありますが、丁寧に関わるほど関係は深まります。結婚後は献身的に家庭を支えますが、自分ばかりが頑張らないように注意が必要。弱さを共有できる相手ほど、長く幸せな関係を築けます。","仕事では誠実さと丁寧さが武器。事務・医療・教育・研究など正確さが求められる職場に向いています。慎重で安定した判断は組織の信頼を生みます。抱え込みやすいため、適度に相談できる環境をつくることで能力がさらに活かされるでしょう。"
銀の時計座,7,静かな芯を持つ調和の守護者,"あなたは穏やかで静かな雰囲気を持ちながら、内側に強い芯と責任感を秘めたタイプです。周囲の空気を読み、場を調和に導く力が高く、自然と信頼を集める存在です。慎重で丁寧に物事を進めるため、大きなミスが少なく安定した成果を出せます。完璧を求めすぎると不安が強まり心が疲れやすいため、“自分を許す姿勢”が大切。自分のペースを守るほど本来の力が発揮されます。","恋愛では控えめながら誠実で深い愛情を注ぎます。落ち着いた相手と相性がよく、ゆっくり関係を育てる恋が向いています。気持ちを言葉にするのが苦手で誤解されやすい面がありますが、丁寧な対話が絆を深めます。結婚後は家庭を誠実に守る堅実なパートナーになりますが、頑張りすぎると疲れるため、適度に甘えることが幸せを長く保つコツです。","仕事では丁寧さと安定した判断力が強み。事務・研究・教育・医療など正確さを求められる職種で力を発揮します。慎重でミスが少なく、長期的に信頼を得るタイプ。決断が遅れがちですが、経験を積むほど判断が磨かれ、より大きな役割を任されるようになります。"
銀の時計座,8,静けさの中に信念を宿す堅実な守護者,"あなたは控えめで落ち着いた佇まいの中に、強い責任感と誠実さを秘めるタイプです。慎重で丁寧な姿勢は多くの信頼を集め、組織の安定を支える存在となるでしょう。相手の気持ちを汲む力も高く、周囲との調和を重んじます。ただし、頑張りすぎて心身に負担を抱えやすいため“無理をしない範囲”を決めることが運を守るポイント。静かな環境ほど本来の力を発揮できます。","恋愛では誠実で一途。落ち着いた関係を好み、ゆっくり愛を育てるタイプです。控えめゆえ気持ちを抑えてしまう場面がありますが、率直なやりとりが関係を安定させます。結婚後は堅実に家庭を支えるパートナーになりますが、頑張りすぎは禁物。弱さを共有することで、より深い絆が育ちます。","仕事では丁寧さと責任感が武器となり、事務・医療・研究・教育など、正確さと継続力を求められる仕事に適性があります。慎重な判断は組織に安定をもたらしますが、抱え込みすぎる傾向も。相談できる環境をつくると能力がさらに発揮され、長期的に安定したキャリアを築けるでしょう。"
銀の時計座,9,静かな努力を積む誠実な職人タイプ,"あなたは控えめで穏やかな雰囲気の中に、強い集中力と誠実さを秘めた職人気質のタイプです。丁寧で正確な作業が得意で、大きなミスが少ないのが特徴。慎重で落ち着いた判断力を持つため、時間をかけながら確実に成果を積み重ねます。気遣いが多く疲れをため込みやすいため、自分のペースを守ることが心の安定につながります。小さな成功体験を積むほど自信が育ち、あなたの能力がさらに広がるでしょう。","恋愛では誠実で穏やかな関係を望み、安心感のある相手に惹かれます。控えめゆえに気持ちが伝わりにくい場面がありますが、丁寧な対話を大切にすることで関係は深まります。結婚後は家庭を落ち着いた場所に整え、堅実に支えるパートナーとなるでしょう。","仕事では丁寧さと集中力が強みで、事務・経理・研究・医療など正確さを求められる職場に適性があります。慎重な判断は組織に安定をもたらし、長期的に信頼を築くタイプ。大きな決断には時間がかかりますが、経験を積むほど判断が磨かれ、重要な役割を任されるようになるでしょう。"
金のカメレオン座,0,変化の波を軽やかに渡る観察の名手,"あなたは変化の多い世界を軽やかに渡り歩く、鋭い観察眼を持つタイプです。周囲の空気を読む力に優れ、その場その場で最も自然な立ち振る舞いを選べる柔軟さがあります。人の表情のわずかな揺らぎにも気づき、気遣いを向けられるため、相手から「理解してくれる人」と信頼を寄せられるでしょう。一方で、自分の本音は簡単には見せません。状況に合わせて“最適な姿”をつくる器用さがあるため、内側の気持ちを読み取られにくいのです。多彩な才能を持ちながらも、必要以上に前に出ない慎重さを持ち合わせています。変化を怖れず、自分のペースで進むことが運気を育てるカギとなるでしょう。","恋愛では、相手の雰囲気や感情の微細な変化をよく読み取り、自然と寄り添うことができるタイプです。言葉より空気で相手の気持ちを理解しようとするため、穏やかで大人の恋に向いています。ただし、自分の本音を隠しすぎると「何を考えているのかわからない」と距離を感じさせることも。相手に合わせすぎるより、時には自分の気持ちを言葉にすることで関係が深まるでしょう。変化に対応できる魅力的なあなたは、少しミステリアスな雰囲気が恋を引き寄せます。結婚運は安定しており、互いの自由を尊重できる相手を選ぶと長続きします。","仕事では、周囲の動きを読み取る力と柔軟な思考が大きく活かされます。環境の変化に強く、初めての仕事でも飲み込みが早いタイプ。上司からの信頼も得やすく、多様な役割を任されるでしょう。一方で、自分の能力を控えめに扱いすぎるため、評価が追いつかないことも。もう少し積極的に意思表示をすると、チャンスを確実に掴めます。対人調整や企画、分析が求められる仕事で特に才能を発揮します。変化を受け入れ、新しいものを柔軟に取り入れる姿勢が成功を呼び込むでしょう。"
金のカメレオン座,1,状況を読み解き最適解を選ぶ柔らかな賢者,“あなたは鋭い観察力と柔らかな判断力をあわせ持つ、“静かなる賢者”のようなタイプです。状況を瞬時に読み取り、その場にふさわしい振る舞いや言葉を自然に選ぶことができます。慎重で落ち着いた印象を与える一方、内側には強い自我と明確な価値観を秘めています。自分で選んだ道を進みたい意志があり、他人に流されることはありません。ですが、その主張は静かで上品。言い争いを避け、スマートに調和を取る賢さを持っています。変化が多いほど力を発揮し、複雑な状況でも冷静に最適な行動を選べるでしょう。”,“恋愛では、相手をよく観察したうえで距離感を調整する大人のスタイルを好みます。自分のペースを大切にするため、急な展開や強引なアプローチには構えてしまうことも。知的で落ち着いた雰囲気の人に惹かれやすく、精神的なつながりを重視します。恋が進むにつれて、自然体で寄り添える関係を築けるでしょう。ただし、自分の思いを言葉にするのが少し苦手なため、誤解を生む場面も。小さなことでも気持ちを伝える意識をもつと、恋愛運が一層開けていきます。”,“仕事では、問題の本質を見抜き、最も効率的な道筋を冷静に探せるタイプ。状況分析や判断が求められる場面で高く評価されます。慎重で丁寧な仕事ぶりは信頼を得やすく、チームの中でも頼りにされるでしょう。反面、完璧主義が出やすく、抱え込みすぎる傾向も。周囲に頼ることで負担が減り、仕事運が上昇します。企画・分析・調整役に向いており、柔らかな理解力が武器となるでしょう。”
金のカメレオン座,2,空気をつかみ形を変える気配の調律者,“あなたは、人の気配や場の空気を敏感にキャッチし、自分を柔らかく変化させながら周囲に調和をもたらすタイプです。相手の表情の揺れや言葉の裏にある温度を察し、自然と寄り添う姿勢が魅力となり、人間関係では頼られる存在になりやすいでしょう。一方で、感じ取る力が鋭いぶん、周囲の影響を受けやすく、疲れが表に出なくても内面では大きな負担を抱えることがあります。自分を抑えて場を整える優しさが美点である一方、“本当の自分”を後回しにしやすいのが弱点。時には意図的に距離を置き、自分の心を整える時間を持つことで、あなた本来の直感と柔軟性がさらに輝きます。”,“恋愛では相手の心の動きに敏感で、相手の気持ちを自然に理解しようとする優しい恋愛スタイルです。ペースを合わせすぎて自分の気持ちを抑え込んでしまうことがありますが、素直に甘えることで関係が安定します。柔らかな雰囲気のあなたは多くの人に好かれますが、気配に流されてしまい、曖昧な関係が続くことも。自分がどうしたいのかを言葉にできると、恋愛の質が大きく変わります。結婚運は穏やかで、生活のリズムを重視する相手との相性が良いでしょう。”,“仕事では調整力と柔軟な適応力が高く評価されます。人の意図や場の空気を汲み取り、衝突を避けながら円滑に進めることができるため、対人調整やサポート役で大きく活躍するタイプ。慎重さがあるため失敗は少ないですが、曖昧な指示に振り回されやすい面もあります。明確な目標や役割が定まった環境で本領発揮できるでしょう。自分の意見を遠慮せず伝えることで、あなたの評価はさらに上がります。”
金のカメレオン座,3,誰とでも自然に馴染む人間関係のカメレオン,“あなたは誰とでも自然に馴染む不思議な親しみやすさを持ち、人間関係の達人ともいえるタイプです。相手の性格や価値観を瞬時に読み取り、話し方やテンションを合わせることができるため、初対面でもすぐに距離を縮められるのが特徴。明るさと柔軟さを兼ね備えていますが、場に合わせて自分を変えるうちに、本音が分からなくなることもあります。また、楽しいことに惹かれやすく、直感で動きがちなため、気分の浮き沈みで行動が左右されることも。多くの人に好かれる魅力がありますが、自分の軸を持つことでより確かな運が育ちます。”,“恋愛では、相手を楽しませることができるムードメーカー。自分も恋を楽しみたい気持ちが強く、笑顔が多い恋愛を好むタイプです。ただし、その場の気分で行動してしまい、勢いで進みすぎるところも。相手に合わせるのが得意ですが、無意識に無理をしがちなため、疲れが恋の障害になることもあります。楽しい恋を望みつつ、安定感も必要とするため、あなたの明るさを自然に受け止めてくれる相手と相性が良いでしょう。”,“仕事では、コミュニケーション力と適応力が武器になります。どんな相手とも円滑に話ができ、チームの雰囲気づくりに貢献できるタイプです。新しい環境にもすぐ馴染めるため、変化の多い職場でも柔軟に活躍できます。ただし、楽しいことを優先しすぎて注意が散漫になりやすく、細かい作業や長期的なプロジェクトは苦手意識を感じることも。自分のペースを管理し、集中すべき時との切り替えを意識すると、仕事運が大きく開けます。”
金のカメレオン座,4,相手の心を映し取り自然に寄り添う共感の才人,“あなたは相手の気持ちを驚くほど自然に読み取る“共感の天才”です。目の前の人が今どんな状態なのか、本音ではどう思っているのか、その微かな揺れまで映し取る鋭さを持っています。そのため、人が相談しやすい雰囲気を持ち、無意識のうちに頼られやすいタイプです。一方で、共感力が強すぎるあまり、相手の問題を自分事として抱え込んでしまうこともあります。優しさゆえに自分を後回しにしがちですが、心のゆとりを守ることで、あなたの魅力はさらに輝きを増します。感性が鋭く、芸術や美的センスにも優れています。”,“恋愛では相手の気持ちに寄り添う包容力があり、安心感を与えるタイプです。相手を優先しすぎる傾向があり、気づけば自分が尽くしすぎて疲れてしまうことも。情に流されやすいため、惚れやすくも冷めにくい特徴があります。心が動いた瞬間に恋が始まり、じわじわ深まっていきますが、相手の期待に応えようとしすぎると負担に。自分の気持ちも大切にしながら距離感を保つことが恋愛運を安定させるポイントです。”,“仕事では、相手の意図を察して動く力が非常に高く、サポート役として優秀です。チームの雰囲気を敏感に読み取るため、調整力も抜群。芸術性や感性を活かせる仕事、企画、クリエイティブ分野でも力を発揮します。ただし、頼まれた仕事を断れずに負担を抱え込みやすく、気づけば疲弊してしまうことも。境界線を引く意識を持つと、あなたの実力が最大限に引き出されるでしょう。”
金のカメレオン座,5,柔軟な発想で道を切り開く変化のクリエイター,“あなたは発想が柔軟で、新しい道を切り開く才能を持つクリエイティブなタイプです。変化を恐れず、むしろ楽しむことができるため、挑戦を重ねながら成長していける力があります。観察力が鋭く、物事の本質を捉えるのが得意で、周囲が気づかない視点からアイデアを生み出せるのが魅力です。一方で、興味を持ったものには深く入り込みますが、飽きるとスッと距離を置くなど、感性の波に左右される面もあります。柔らかな頭と状況適応力は大きな武器。変化の多い環境ほど、あなたの才能が輝くでしょう”,“恋愛では、新しい刺激や心地よいテンポのある関係を好みます。自由な発想と独自性を持つ相手に惹かれやすく、恋が生まれるスピードも早め。楽しい会話や新しい経験を共有できる関係が理想です。ただし、熱しやすく冷めやすいところがあり、気持ちの波に恋が影響されることもあります。相手のペースに合わせすぎず、自分の感性を大切にしながら進むことで、恋愛運が安定していきます。”,“仕事では斬新な視点と柔軟な発想が高く評価されます。企画やデザイン、問題解決など、創造力を活かす仕事で成功しやすいタイプです。指示されるより、自分で考えて動く環境が向いており、新しいプロジェクトにも適応力を発揮できます。ただし、興味が薄れると集中力が続かないことも。締切を意識した自己管理を強化すると、才能がより安定して発揮されるでしょう。”
金のカメレオン座,6,繊細な感性で場を整えるバランスの調整役,“あなたは繊細な感性と細やかな気配りで、周囲のバランスを自然に整える調整タイプです。人の感情の変化に敏感で、誰かが困っていると見過ごせず、そっと手を差し伸べる優しさを持っています。場の雰囲気を乱したくない気持ちが強いため、衝突を避けて立ち回る賢さも兼ね備えています。一方で、空気を読みすぎることで疲れをため込んでしまうことも。自分を抑えすぎず、適度に距離を置くことで心が軽くなります。表に立つより裏方で支える力が際立つタイプで、どんな環境でも頼られる存在です。整える力と優しさが、あなたの大きな魅力となるでしょう。”,“恋愛では、相手の気持ちを大切にしながら丁寧に関係を築いていく慎重派。相手の欲求や心の揺れに敏感で、“伝えなくても分かる”ような優しい距離感が武器になります。ただし、尽くしすぎて自分の負担になる問題を抱え込みやすいため、無理をしないバランスが大切です。穏やかで誠実な相手と相性が良く、落ち着いた関係が長続きします。恋を進めるには、ほんの少しだけ勇気を持って自分の気持ちを話すこと。それだけで恋愛運が大きく開けるでしょう。”,“仕事では、繊細な気配りと安定した丁寧さで信頼を勝ち取るタイプです。人の意図を察して行動するのが得意で、サポート業務や裏方の作業で特に力を発揮します。細かい作業や正確さを求められる業務とも相性が良いでしょう。一方で、慎重すぎるあまりスピードが落ちることもありますが、丁寧さと誠実さがあるため結果的にミスは少なく評価は高め。チームの中で“欠かせない存在”となり、長期的に安定した仕事運を築けます。”
金のカメレオン座,7,軽やかな器用さで流れをつかむ多面的プレイヤー,“あなたは器用さと柔軟性に優れ、さまざまな場面でスッと活躍できる“多面的プレイヤー”です。人の動きや全体の流れを読む力が抜群で、最も効率よく行動できるポジションを自然と見つけられます。複数の役割を同時にこなしても疲れを見せず、周囲からは「なんでもできる人」と評価されるでしょう。一方で、勢いで行動しすぎて周囲と足並みが揃わないこともあります。スピード感と器用さは大きな武器ですが、時には立ち止まって方向性を確認すると安定感が出るでしょう。多面的な才能を持ち、変化の多い環境ほど本領発揮できるタイプです。”,“恋愛では、積極的で明るいアプローチが魅力を引き立てます。気になる相手には自分から距離を縮められますが、相手の反応が鈍いと一気に冷めてしまうこともある“熱しやすく冷めやすい”一面を持ちます。恋の始まりは早く、テンポの良い関係ほど相性が良いでしょう。一方、感情の波が強いため、少しのすれ違いが大きな誤解につながることも。落ち着いた相手と一緒にいると、恋愛が長続きしやすくなります。”,“仕事では、マルチタスクと瞬発力の高さが大きな武器。動きの速い職場や変化の多い業務で特に実力を発揮します。上司からの急な指示にも柔軟に対応でき、チームの中では欠かせない存在となるでしょう。ただし、勢いに任せて独断で動いてしまうと評価が下がることも。周囲と情報共有しながら進めることで、仕事運が安定します。リーダー性もあるため、経験を積むほど活躍の場が広がります。”
金のカメレオン座,8,状況の本質を見抜き最善を選ぶ静かな策士,“あなたは静かな雰囲気の中に鋭い洞察力を秘めた“策士タイプ”です。場の状況を冷静に分析し、本質を見抜く力に優れているため、複雑な問題でも迷わず最善の道を選べます。行動は控えめですが、実はしっかりと計算しながら動いており、周囲の人から頼りにされる存在です。一方で慎重になりすぎて機会を逃すことがあるため、時には大胆に動く勇気を持つと運気が大きく開けます。落ち着きと知性が魅力で、深く信頼されやすいタイプです。”,“恋愛では、上品で誠実な人や知性を感じる相手に惹かれます。軽率な関係や雑な言動の人とは距離を置き、丁寧で節度ある恋を望むタイプ。相手を慎重に観察し、信頼できると確信が持ててから恋が深まります。その分、恋の進展はゆっくりですが、関係が安定すると深い絆が生まれるでしょう。感情を控えめにしやすいため、ときには素直な気持ちを見せることで恋愛運が上昇します。”,“仕事では、正確さと分析力が際立ちます。周囲の状況をよく観察し、ミスを避けながら堅実に仕事を進めるため、上司からの信頼が厚いタイプ。ルールや規則を大切にし、丁寧な作業が求められる職場で能力を発揮します。一方で慎重すぎるとスピードが落ちるため、割り切りも時には必要。責任感が強いため、重要な仕事を任される機会も増えるでしょう。”
金のカメレオン座,9,多彩な表情を使いこなす魅力のコンダクター,“あなたは多彩な魅力を自在に使いこなし、人との関係を滑らかに繋いでいく“魅力のコンダクター”です。相手に合わせて表情や言葉を変える柔軟性があり、さまざまなタイプの人と自然に関われます。芸術的な感性やユーモアも持ち合わせ、周囲の人を楽しませる才能も豊かです。一方で、気分の波が強く、感性のままに行動しすぎると方向性を見失うこともあります。多彩さはあなたの魅力ですが、集中する対象を1つ決めることでより大きな成果につながるでしょう。”,“恋愛では、あなたの多面的な魅力が相手を惹きつけます。楽しい時間や刺激的な関係を好み、テンポの良い会話や新鮮な空気をもつ相手に心を奪われやすいタイプです。気まぐれな一面が恋を不安定にすることもありますが、一度心が決まると深い愛情を注ぎます。個性を尊重してくれる相手と相性が良く、お互いに自由さを保つことで長続きするでしょう。”,“仕事では、表現力・企画力・柔軟性の高さが強みとなります。クリエイティブな現場や新しいアイデアが求められる環境で大きく力を発揮するタイプ。人を楽しませる工夫が得意で、チームを明るくする存在でもあります。ただし気分に左右されやすいため、自己管理を意識することで安定感が増します。複数の仕事を並行するより、1つの大きなテーマに集中することで成功が掴めるでしょう。”
銀のカメレオン座,0,繊細な感性で世界を読み解く静かな観察者,“あなたは静かで落ち着いた雰囲気をまといながら、周囲の出来事を深く丁寧に観察する“静かな観察者”です。人の言葉や仕草の裏側まで読み取る感性が鋭く、誰よりも早く変化に気づきます。騒がしさよりも静けさを好み、落ち着いた環境でこそ本来の力が発揮されるタイプです。その繊細さゆえに、些細な言葉にも心が揺れることがありますが、同時にその優しさが人を癒す力にもなっています。表向きは控えめでも、内側にはしっかりとした価値観や知性があり、自分にとって大切なものを守り抜く強さも秘めています。急ぎすぎず、自分のペースを尊重することが、運を長期的に育てる鍵となるでしょう。”,“恋愛では、静かに心がつながる関係を求めるタイプです。派手なアプローチには戸惑いやすいですが、丁寧に向き合ってくれる相手にはゆっくりと心を開いていきます。自分から積極的に動くことは少ないものの、穏やかで誠実な人に惹かれやすく、精神的な安心感を重視します。繊細な気持ちを抱えやすいぶん、恋が深まるには時間が必要ですが、そのぶん絆は非常に強いものになります。無理に強がらず、不安や嬉しさを少しずつ言葉にすることで恋愛運は安定します。”,“仕事では、丁寧さ・観察力・気配りが大きな武器になります。人の意図を読み取る力が高く、裏方やサポート業務で活躍するタイプ。物事を慎重に進めるためミスが少なく、信頼を積み重ねやすい特徴があります。一方で、急な変化や曖昧なルールが苦手なため、落ち着いた環境ほど力を発揮します。自分のペースを守りつつ、確実に成果を出すことで、長期的に評価されるでしょう。”
銀のカメレオン座,1,気配の揺らぎを感じ取りそっと寄り添う共鳴者,“あなたは人の気配の揺らぎに敏感で、相手の心を自然に感じ取る“共鳴者”です。誰かが落ち込んでいたり、言いづらい思いを抱えていたりすると、言葉にされる前から察し、そっと寄り添うことができます。その優しさは決して押しつけがましくなく、相手に安心感を与える力を持っています。一方で、自分の気持ちはうまく言葉にできず、誤解を生むことも。相手に合わせすぎるあまり、自分を見失ってしまうこともあります。柔らかく繊細な感性は大きな魅力ですが、自分自身の感情にも丁寧に耳を傾けることで、より安定した運を手にできるでしょう。”,“恋愛では、優しく寄り添う姿勢が相手の心を温めるタイプです。相手の気持ちを察して行動できるため、一緒にいる人に安心感を与えます。ただし、自分の気持ちを遠慮してしまい、相手に合わせすぎることで疲れがたまることも。恋が進むには、自分の本音を少しずつ伝えることが大切です。穏やかで誠実な人との相性が良く、気持ちが丁寧に交わされる関係で幸せをつかめるでしょう。”,“仕事では、きめ細やかな気遣いと静かな観察力が強みになります。周囲の状況を読み取り、必要なサポートを自然に行えるため、チームに欠かせない存在に。相手のペースに合わせた丁寧な仕事ぶりが評価されます。ただし、抱え込みすぎると負担が増えるため、助けを求める勇気も必要。コツコツと続けられる環境や、落ち着いた職場で特に力を発揮します。”
銀のカメレオン座,2,変化を受け止める柔らかな適応の術士,“あなたは変化を柔らかく受け止め、無理のない形で自分を調整できる“適応の術士”です。周囲の状況を静かに観察し、どのように動けば負担にならないかを自然に判断できます。柔らかさと知性を兼ね備え、強引さがなく上品な気配を持っているため、多くの人に心を開かれやすいでしょう。一方で、優しさゆえに受け止めすぎてしまう面もあり、心の負担を感じやすい傾向があります。外の世界に柔軟に合わせつつ、自分のペースを守ることが運気の安定につながります。こだわりは強くないように見えて、実は繊細な美意識と独自の世界観を持つタイプです。”,“恋愛では、相手の変化に敏感で、気持ちの揺れを自然に受け止められる優しさがあります。強い主張の人よりも、穏やかで落ち着いた相手と相性が良く、静かに心を重ねる恋愛が向いています。自己犠牲的になりすぎると疲れるため、無理のない距離感を保つことが大切。急展開よりも、時間をかけて深まる絆のほうがあなたには向いています。安心できる相手を選ぶことで恋愛運が安定します。”,“仕事では、変化に柔軟に適応できる力が大きな強み。急な予定変更や新しい業務にも落ち着いて対応できるため、信頼されやすいタイプです。丁寧な作業を得意とし、ミスを防ぐ慎重さも兼ね備えています。ただし、責任感が強く抱え込みやすいため、境界線を意識することが成功のポイントです。穏やかな職場や、静かに作業に集中できる環境で特に力を発揮します。”
銀のカメレオン座,3,相手の心を映し出す透明な鏡の使い手,“あなたは、相手の心をそのまま映し返すような不思議な透明感を持つタイプです。相手が今なにを感じているのか、どんな言葉を求めているのかを自然に察し、やわらかく反応できる繊細さがあります。一方で、周囲の感情をそのまま吸収してしまい、自分の感情と混ざってしまうこともあります。静かで穏やかに見えるあなたですが、内側には豊かな感受性と独自の表現力があり、感性が生み出す世界観は唯一無二。相手に合わせるやさしさも魅力ですが、自分の軸を守ることが運を長期的に育てるポイントになります。”,“恋愛では、相手の心を深く共感できるため、自然と相手の支えとなる存在です。恋が始まると、相手の気持ちを読み取りすぎて疲れてしまうこともあるため、距離感の取り方が重要。穏やかな会話を大切にするタイプなので、ゆっくりと心がつながる関係が向いています。直感が鋭く、惹かれる相手も独特。自分の感情に正直になることで、恋愛運がさらに安定します。”,“仕事では、観察力と共感力が強みになります。人の気持ちを読み取る力があるため、対人関係を円滑にする役割を自然と担います。繊細な感性を活かせるクリエイティブな仕事や、相談・調整役で力を発揮します。ただし、周囲の雰囲気に影響されやすく疲れが溜まりやすいので、こまめに休息を取ることが大切です。自分のペースを守れる仕事環境が理想的です。”
銀のカメレオン座,4,調和を紡ぐしなやかな対人バランサー,“あなたは、周囲の人たちの関係性を静かに観察し、自然な調和を作り上げるバランサーです。誰かが言いづらそうにしている時にはそっと背中を押し、空気が張りつめれば柔らかく緩めるなど、周囲に安心感を与える才能があります。ただし、自分の役割を優先しすぎて本音を後回しにすることも多く、ストレスを抱え込む傾向があります。人の気持ちに寄り添えるあなたの優しさは大きな魅力ですが、自分自身の感情にも同じくらい丁寧に向き合うことが運気アップの鍵となるでしょう。静かな芯の強さと繊細な観察力が、あなたの人生を豊かに支えていきます。”,“恋愛では、穏やかで丁寧な愛情表現が特徴的です。相手に合わせるのが上手で、自然と相手を安心させる雰囲気を持っています。しかし、その優しさは時に「何を考えているか分からない」と捉えられることも。恋が安定するには、自分の気持ちを少しずつ伝えることが大切です。情に流されやすい一面があるため、信頼できる相手を選ぶ目が重要。落ち着いた恋ほど幸福度が上がります。”,“仕事では、調整役として高く評価されます。チームの雰囲気を整える力があり、細かな配慮が必要な場面でも活躍できます。丁寧な作業が得意で、誠実な仕事ぶりが上司からの信頼につながるタイプです。ただし、引き受けすぎると負担が重くなるため、線引きを意識すると仕事運が安定します。”
銀のカメレオン座,5,静かな心で真実を見抜く内省的な分析者,“あなたは、物事の本質を静かに見抜く洞察力を持つ“内省的な分析者”です。表面的な情報に流されず、深く考え、理解し、納得してから行動するタイプ。人の心の微妙な変化や場の空気の揺れを敏感に感じ取り、その裏側にある意図まで読み取ることができます。外から見ると柔らかく控えめに見えますが、内側には強い探究心と独自の価値観があり、自分のペースを崩されることを嫌う繊細さも持っています。一度「これだ」と思ったものには静かに情熱を注ぎ、時間をかけて成果を積み重ねる実力派です。急な誘いや強引な流れに巻き込まれると心が疲れやすいため、自分のリズムを守ることで安定した運を手にできるでしょう。”,“恋愛では、慎重に相手を見極めるタイプで、勢いで恋に落ちることは少なめ。知性や誠実さのある相手に惹かれ、信頼関係が築かれてからゆっくりと距離が縮まります。心の奥を簡単に見せないため、最初は「クール」と思われることもありますが、深く結ばれた相手には静かで深い愛情を注ぎます。感情を抑えすぎると誤解されやすいので、小さな思いでも丁寧に伝えることが恋愛運を上げる鍵。落ち着いた関係ほど幸福度が高まり、長く続く愛を育てられるでしょう。”,“仕事では、緻密さと洞察力を活かして安定した成果を出すタイプです。細部にまで気を配り、じっくり取り組む姿勢が評価されます。他の人が見落とすポイントを的確に見抜くため、改善・分析・確認作業が特に得意。裏方業務でも光る才能があります。ただし、急な指示変更や曖昧なリーダーのもとではストレスを感じやすい傾向が。落ち着いた環境や、一定のリズムで業務を進められる職場で長く活躍できます。”
銀のカメレオン座,6,静かな優しさで場を整える穏やかな支柱,“あなたは、柔らかな優しさと穏やかな空気感をまとい、周囲の緊張を自然にほどく“穏やかな支柱”のような存在です。騒がしさや強い主張が苦手で、落ち着いた時間や信頼できる人との関わりを大切にします。相手の気持ちを察する力が高く、困っている人を見ると放っておけないところも魅力のひとつ。ただし、自分のことを後回しにしてしまうため、疲れがたまりやすい傾向があります。慎重で心配性な一面もあり、環境がざわつくと心が揺らぎやすいでしょう。無理をしなくていい場所で、ゆったりと自分のペースで進むことで、本来の実力が花開きます。安心できる人や場所があなたの運を長期的に支えてくれるでしょう。”,“恋愛では、誠実で穏やかな人に惹かれやすいタイプです。刺激よりも安心感を求め、心が落ち着く相手と深い関係を築いていきます。相手を思いやる気持ちが強いため、つい尽くしすぎてしまうことも。ときには甘える姿勢を見せることで、関係はより温かなものになります。気持ちを丁寧に言葉で伝えるクセをつけると誤解が減り、恋愛運はさらに安定していくでしょう。”,“仕事では、丁寧さと安定感が評価されるタイプ。急な変化よりも、落ち着いて取り組める環境で力を発揮します。人に寄り添う姿勢が強みで、サポート役や調整役として欠かせない存在です。細かな確認作業や継続力が必要な業務に向いており、長期的に信頼を積み重ねることで仕事運は上昇します。ただ、抱え込みすぎると負担が大きくなるため、適切に頼ることも大切です。”
銀のカメレオン座,7,静かな直感で真実をつかむ繊細な探求者,“あなたは直感が鋭く、静かな中で本質を見抜く“繊細な探求者”です。人が気づかない微妙な変化にも敏感で、その情報を自然と自分の中で整理し、深い理解へとつなげていく力があります。普段は控えめで落ち着いていますが、好きなことや興味を持った分野には驚くほどの集中力を発揮し、独自の視点で物事を捉えます。人に合わせることは得意でも、自分の心が疲れているときは殻にこもることも。無理に外に合わせようとせず、自分のペースや静かな時間を確保することで、運が整い本来の力がより強く育っていきます。直感と繊細さが、人生の道しるべとなるタイプです。”,“恋愛では、一見クールでも、心の奥には深い愛情を秘めています。相手の気持ちを丁寧に読み取り、ゆっくり関係を育てていくタイプ。急なアプローチや強引な展開には慎重になりがちですが、精神的なつながりを大切にするため、関係が深まると強固な絆を築きます。自分の気持ちを言葉にするのが苦手なため、ほんの少し本音を伝えるだけで恋愛運は大きく好転します。”,“仕事では、分析力・集中力・洞察力が際立ちます。表面的な情報に惑わされず、物事の裏側にある意図を読み取る力があり、細かな調整や確認作業でも高い精度を発揮します。単独で進める作業や専門性の高い業務が向いており、自分のペースを守れる環境が理想。プレッシャーに弱い面があるため、無理をせず適度に休息を入れることで仕事運は安定し、長期的に成果を上げられるでしょう。”
銀のカメレオン座,8,静けさの中で力を蓄える慎重な戦略家,“あなたは慎重で洞察力の高い“静かな戦略家”です。勢いで動くよりも、状況を丁寧に観察して最善の選択を導き出すタイプ。周囲の行動や言葉を細かく分析し、どのように動けば最も負担が少ないか、自然と判断できる頭の良さがあります。騒がしい場や急な変化には疲れやすいものの、その分、落ち着いた環境では高い集中力を維持でき、他の人には見えない細部まで見抜く才能を持っています。控えめに見えて、内側には確かな意志と信念があり、短期よりも長期的に成功をつかむタイプです。自分のペースを守れる環境を整えることが、運を大きく育てる鍵になります。”,“恋愛では慎重派で、相手をじっくり見極めるタイプです。信頼できる相手とゆっくり関係を深めたいと考えるため、急接近してくる人には距離を置く傾向があります。心が安定してから恋が動くため時間はかかりますが、一度信頼した相手には深く誠実に向き合います。感情表現が控えめで誤解されやすいため、小さな気持ちでも丁寧に伝えることが恋愛運を開きます。”,“仕事では、危機察知能力と慎重さが強みになります。リスクを的確に読み取り、失敗を回避する判断力に優れているため、重要な場面で頼りにされるタイプ。計画性があり、コツコツとした積み上げも得意。急な変更やプレッシャーには弱いため、安定した環境で力を発揮します。丁寧な作業や確認が必要な業務、また分析が必要な分野で特に成功しやすいでしょう。”
銀のカメレオン座,9,静かな創造性で世界を形づくる感性の職人,“あなたは、静かな場所でこそ創造性が花開く“感性の職人”です。人の気配や空気のわずかな変化を敏感に感じ取り、それを自分の中で作品やアイデアとして形にする独特の才能があります。控えめな印象ながら内側には豊かな想像力があり、普通の人が見落とす魅力や可能性を見つけるのが得意です。一方で、刺激が強すぎる環境や感情の起伏が激しい人とは距離を置きたくなる繊細さがあります。静かに没頭できる時間が運を育てるため、自分だけの落ち着ける空間やルーティンが重要。才能はゆっくり開花するタイプですが、一度流れに乗ると継続力のある成果を生み出すでしょう。”,“恋愛では、精神的なつながりを重視するタイプです。感情を表に出すのは控えめですが、心の奥では強い想いを抱いています。自分の世界を大切にするため、無理に踏み込まれると距離を置きたくなる傾向があり、じっくりと時間をかけて心を開きます。理解力のある相手との相性が良く、安心できる関係で深い愛情が育ちます。自分の感性を否定しないパートナーが恋愛運を押し上げてくれるでしょう。”,“仕事では、創造的な感性を活かせる分野で力を発揮します。静かに集中して取り組める環境で才能が伸びやすく、細部へのこだわりが高品質な成果につながります。感受性が鋭く、作品や企画に深みを与えることができるタイプ。ただし刺激が強い職場では疲れやすく、長期的な消耗につながる恐れも。自分のペースで作業できる環境を整えることで、安定した成功をつかめるでしょう。”
金のイルカ座,0,軽やかな感性で未来を跳ねる陽気なナビゲーター,“あなたは光をまとうような明るさと、水のようにしなやかな感性を併せ持つタイプです。初対面の人とも自然に距離を縮められ、場に柔らかな風を通すような存在感があります。刺激や新しい世界に触れるほど運が動き、直感のまま進んだ一歩が思わぬ縁やチャンスを呼び寄せるでしょう。興味の移り変わりは早いものの、流れに乗っているときの集中力は驚くほど強く、勢いをそのまま“形”にできたときに大きな成果が生まれます。褒められた瞬間に才能が一気に伸びるため、あなたを理解し、自由を尊重してくれる環境ほど人生が輝きます。”,“恋愛では、あなたの明るさと柔らかな気遣いが相手の心を軽やかにほぐし、自然と距離を縮める魅力となります。楽しさを共有するほど恋が発展しやすい一方、刺激が薄れると気持ちが揺れやすい面も。恋愛だけに気持ちを寄せず、自分の世界を保つことで安定した関係が築けます。あなたの繊細さを受け止め、自由を尊重してくれる相手との相性が抜群です。”,“仕事ではコミュニケーション能力と行動の速さが大きな武器になります。人前に立つ仕事や変化の多い環境で本領発揮し、職場に明るい活気をもたらす存在です。情報を扱う仕事、営業、企画、広報などで特に才能が輝くでしょう。周囲からの反応が力の源になるタイプなので、こまめに成果を確認したり評価される場に身を置くと伸びやすいのも特徴。飽きやすさは課題ですが、短期目標を設定して達成感を積み重ねると集中力が途切れにくくなり、安定した成果につながります。”
金のイルカ座,1,直感で未来を駆け抜ける快走のアクティブランナー,“あなたは湧き上がる好奇心と瞬発力で未来を切り開いていくタイプです。光のように速く、風のように自由に動き、新しい刺激や変化を求めて一歩を踏み出すたびに運が広がります。初対面の相手とも一瞬で距離を縮められる柔らかさがあり、あなたの明るさが場に活気を与えるでしょう。直感に従った行動が成功につながりやすい反面、気分の波で動きが左右されやすい面も。ペース配分を意識し、心の揺れを整える時間を持つことで運気がさらに洗練されていきます。褒められた瞬間の伸びは圧巻で、環境によって才能が爆発的に花開きます。”,“恋愛では、興味を持った相手に対してスッと距離を縮める直感型。明るい会話と勢いで恋が一気に進むことが多いタイプです。ただし、熱しやすく冷めやすい傾向もあり、刺激だけでなく安心もくれる相手が恋愛運を安定させます。自由と心地よさを同時にくれる存在が、あなたにとって最良のパートナーになるでしょう。”,“仕事では行動力と明るさで組織に勢いを与える存在です。営業や企画、イベントなど動きのある分野で才能が爆発し、新しい挑戦ほど力を発揮します。直感で判断して動けるため、スピードが求められる現場でも高いパフォーマンスを発揮できるでしょう。一方、単調作業や拘束の強い環境では集中力が落ちやすいため、自由度の高い職場が理想的。短期の目標を区切って達成していくとモチベーションが安定し、結果が大きく伸びていきます。”
金のイルカ座,2,柔らかな洞察で未来を拓く風のオブザーバー,“あなたは光の粒が弾けるような明るさをまとい、周囲に柔らかな風を運ぶムードメーカーです。直感が鋭く、新しい刺激や変化のある世界に飛び込むほど運が動きます。初対面でも自然と打ち解けられる親しみやすさがあり、あなたの存在が人の心を軽やかにするでしょう。一方で気分の波が行動に影響しやすく、興味の移ろいも早い傾向がありますが、心から夢中になれるテーマに出会ったときの集中力は別格。あなたの明るさは、人との縁を引き寄せる大きな魅力となります。”,“恋愛では、明るい会話とテンポの良い距離感が恋の進展を早めるタイプ。ストレートな気持ちの伝え方が相手を惹きつけますが、飽きっぽさが課題になることも。自由を尊重し合える相手となら、恋が温かく長く続きます。”,“仕事では、調整力と気配りのバランスが活き、サポート役として高い評価を受けます。企画や相談業務、クリエイティブ領域で才能が光り、人の意図を理解する力が大きな武器になります。相手のペースに合わせて動けるため、チームの潤滑油のような存在に。丁寧で誠実な働き方が評価されやすい一方、抱え込みすぎると疲れが溜まりやすいので、役割を明確にしながら適度に休むことが仕事運を長期的に安定させるポイントです。”
金のイルカ座,3,軽やかな直感で未来を照らす陽気なガイドランナー,“あなたは明るく、柔らかなエネルギーで周囲を照らすムードメーカー。直感型で新しい世界に飛び込む勢いがあり、刺激や変化を求めるタイプです。初対面でもすぐ打ち解けられる親しみやすさがあり、多くの人に好かれる魅力の持ち主。一方、気分の波で行動が変わりやすいところがあり、興味が移りやすい傾向も。けれど本当に熱中できるテーマに出会うと驚くほどの集中力を発揮し、大きな成果につながります。あなたの明るさは縁を引き寄せる力そのものです。”,“恋愛では、会話の楽しさとテンポの良さで一気に距離が縮まるタイプ。自由でストレートなアプローチが相手にとって新鮮で、恋が急速に進むこともあります。飽きっぽさが課題ですが、自由を尊重してくれる相手となら長続きしやすいでしょう。”,“仕事では明るさとスピード感を活かし、営業・企画・接客など動きのあるフィールドで才能が開花します。場の空気をパッと明るくする力があるため、ムードメーカーとしてチーム全体を底上げできるのも強みです。好奇心が強く吸収が早いため、新しい案件や変化の多いプロジェクトにも柔軟に適応できます。ただし気分の波で集中が落ちることもあるため、短期目標を設定してメリハリをつけると成果が安定し、より大きなチャンスをつかめます。”
金のイルカ座,4,柔らかな感性で未来を照らす陽だまりのコンダクター,“あなたは柔らかな光に包まれたような温かさと、相手に寄り添う繊細な感性を併せ持つタイプです。人の心の変化や言葉の裏側に敏感で、自然と周囲をサポートする役割を担うことが多い存在。明るい雰囲気の中に静かな優しさがあり、人に合わせすぎて疲れてしまうこともありますが、その思いやりは多くの人の救いとなっています。好奇心と慎重さのバランスが良く、居心地のよさを保ちながら挑戦を広げるほど運が開けます。褒められた瞬間に力を発揮するタイプで、あなたを大切に扱う環境で才能が大きく伸びていきます。”,“恋愛では、相手にそっと寄り添う柔らかい愛情が魅力。気遣いで本音を隠してしまうことがありますが、少し勇気を出して素直な気持ちを伝えると恋が安定します。あなたの優しさを丁寧に扱ってくれる相手との相性が非常に良いです。”,“仕事では協調性と気配りが高く評価され、教育・福祉・相談業務など人を支える分野で才能が輝きます。相手の表情や言葉の変化を素早く察して動けるため、細かな気遣いが求められる現場でも信頼を集めるタイプです。職場の雰囲気を柔らかく整える力もあり、あなたがいることで周囲のパフォーマンスが上がることも多いでしょう。プレッシャーに弱い面があるため、無理をしすぎず適度に休息をとりながら、自分のペースを守ることが仕事運を安定させる鍵です。”
金のイルカ座,5,好奇心で未来を跳ねる陽気なチャレンジャー,“あなたは弾むような明るさと好奇心で、人生に次々と新しい風を呼び込むタイプです。テンポの良い会話や軽やかな行動で場を盛り上げ、刺激のある世界に飛び込むほど才能が躍動します。「これだ！」と直感した瞬間の行動力は圧倒的で、勢いに乗ったときの成長速度は周囲を驚かせるほど。褒められることで火がつき、あなたを認めてくれる環境に身を置くほど能力が急上昇します。一方、興味の移り変わりが早いため、勢いのまま形にする意識を持つと運が加速していきます。”,“恋愛では、明るさとテンポの良さで一気に距離を縮めるタイプ。楽しさを共有するほど恋が盛り上がり、相手を笑顔にする力があります。刺激が減ると気持ちが揺れやすいですが、自由を尊重し合える関係なら長続きしやすいでしょう。”,“仕事では、動きの多い職場やスピード感のある分野で才能が輝きます。営業・イベント・広報など「人と動く仕事」に適性があり、明るさと会話力で場を一気に活性化できるタイプです。変化のある環境ほど集中力が高まり、新しい案件にも軽やかに対応できます。短期目標を積み重ねることでモチベーションが安定し、成功体験が増えるほど勢いが加速していくでしょう。飽きやすさは課題ですが、役割を明確にすると成果がさらに伸びていきます。”
金のイルカ座,6,軽やかな機転で未来を整える陽気なバランサー,“あなたは軽やかな明るさと繊細な気遣いを併せもつタイプで、人の心にそっと寄り添える柔らかな雰囲気が魅力です。初対面でも自然と場を和ませ、周囲の緊張をほどく力があります。一方で、自分自身は刺激や変化に敏感で、新しい世界に触れると一気に行動力が湧く快活さも。感受性が豊かで傷つきやすい面はありますが、その優しさこそがあなたの大きな財産。応援されるほど実力が伸び、褒められると急速に才能が開花します。自由でいたい気持ちと、人の期待に応えたい気持ちの両立が課題ですが、あなたらしいペースを大切にすれば、人生に温かな追い風が吹くでしょう。”,“恋愛では、柔らかい気遣いと優しさで相手を自然と惹きつけるタイプ。距離を詰めるのは上手ですが、相手に合わせすぎて疲れてしまうこともあります。感情の波が出やすく、刺激が少ないと恋の熱が落ちやすい傾向も。無理をせず素直な気持ちを少しずつ伝えると恋が安定します。束縛やプレッシャーが苦手なので、自由を尊重してくれる相手との相性が良好。お互いのペースを大切にできる関係が長続きの鍵です。”,“仕事では、気配りと社交性が最大の武器。相談役として頼られやすく、チーム内の調整役として自然と活躍します。接客・教育・企画・クリエイティブなど、人の感情や雰囲気を扱う仕事に適性があります。飽きやすさがあるため、短期的な目標を細かく設定すると集中力が保ちやすく成果も安定。自由度が高い環境ほど才能が伸び、あなたの明るさと柔らかさが周囲に良い影響を与えるでしょう。”
金のイルカ座,7,ひらめきで未来を切り拓く弾むようなクリエイター,“あなたは自由で柔軟、そして天真爛漫な魅力を持つタイプです。新しい刺激に触れると一気に気持ちが躍り、行動力が急上昇する明るいエネルギーの持ち主。感性が豊かで、人の気持ちの変化にも自然と気づく優しさがあります。好奇心が原動力となり、思い立ったらすぐ行動する軽快さがチャンスを引き寄せますが、興味が移りやすいところが課題にも。とはいえ情熱が火付くと驚くほど強い集中力を発揮し、個性的な成果へとつながるでしょう。あなたの明るさは周囲の背中を押し、たくさんの縁と運を引き寄せる原動力です。”,“恋愛では、駆け引きをしないストレートな想いが魅力。気になる相手には明るく距離を縮め、楽しさを共有しながら関係を深めます。飽きっぽさがあり、刺激が減ると気持ちが落ちる面もありますが、自由を尊重してくれる相手だと安定しやすいタイプ。あなたの個性を肯定し、伸び伸びと過ごせる時間を大切にしてくれる相手とは、自然に長続きします。”,“仕事では、ひらめきと行動力が最大の強み。企画・広告・営業・エンタメ・イベントなど、変化のあるフィールドで力を発揮します。新しいアイデアを形にする機会が多いほど才能が伸び、あなたらしい発想が高く評価されるでしょう。単調な作業は苦手なので、自由に動ける環境や裁量の大きい仕事が最適。短いスパンで達成感を積むとモチベーションが安定し、仕事運が大きく開けます。”
金のイルカ座,8,軽やかな交流で未来を引き寄せる陽気な共鳴者,“あなたは社交性とバランス感覚に優れ、人との関わりの中で自然と調和を生み出すタイプです。誰とでも明るく話せる柔らかさがあり、初対面の相手の緊張を解く力もピカイチ。人の気持ちを察する能力が高く、ほどよく距離を保ちながら相手に寄り添える包容力があります。ただ、環境の影響を受けやすく、刺激が少ない職場や単調な毎日になると退屈を感じやすい傾向も。多趣味で興味の幅が広いため、新しい挑戦や人との交流を通じて運が大きく開けます。あなたの明るさと思いやりは、出会いを味方に変える大きな才能です。”,“恋愛では、親しみやすい性格と気の利いたコミュニケーションが魅力。気になる相手にはテンポよく距離を縮めるため、恋が始まるのも早いタイプです。相手に合わせすぎると疲れが溜まりやすく、本音を言えないまま関係が続くことも。適度に自分の気持ちを表現すると恋が安定します。自由と安心のバランスが取れる相手と相性が良く、軽やかで楽しい恋が長続きするでしょう。”,“仕事では、協調性と柔らかいコミュニケーション能力が武器になります。調整力やサポート力が高く、接客・企画・教育・カスタマーサポートなど対人業務で大きな評価を得られます。環境の変化に強いため、幅広い分野で適応できますが、自分を押し殺しすぎるとストレスが溜まるため注意。役割を明確にし、無理なく動ける働き方を選ぶと仕事運が安定し、信頼を大きく育てることができます。”
金のイルカ座,9,ひらめきで世界を躍らせる軽やかな創造旅人,“あなたは自由な発想と感性の豊かさを持ち、周囲を刺激する独自の世界観で輝くタイプです。次々と新しいひらめきが生まれ、その直感を武器に人生を軽やかに進んでいく創造力の持ち主。好奇心が強く、新しい経験に触れるごとに世界が広がり、あなた自身の魅力がより際立ちます。一方で環境の影響を受けやすく、騒がしい場所や急な変化が続くと気持ちが乱れやすい面も。静かで自由度の高い環境に身を置くと才能が一気に開花します。あなたの発想と明るさは多くの縁を引き寄せ、人生に鮮やかな彩りをもたらすでしょう。”,“恋愛では、自分の独特な感性を理解してくれる相手に強く惹かれます。距離を急に縮める大胆さがあり、直感で恋が始まることも多いタイプ。刺激がないと飽きやすい反面、自由と安心を与えてくれる相手とは安定し、創造的で温かな恋が育ちます。あなたの世界観を尊重してくれる人が相性抜群で、対話を大切にすることで深い絆が生まれるでしょう。”,“仕事では、自由な発想力と行動の柔軟さが大きな強み。企画・デザイン・広告・イベント・エンタメなど、クリエイティブかつスピード感の求められる分野で力を発揮します。決まりきった作業や閉鎖的な環境は苦手で、自由な裁量が与えられるほど才能が伸びやすいタイプ。興味があるテーマに集中できると一気に成果が出て、あなたの世界観そのものが仕事の価値となるでしょう。”
銀のイルカ座,0,静かな優しさで世界を包む柔風の観察者,“あなたは柔らかく繊細な感受性をもち、人の気持ちを深く理解できる優しいタイプです。控えめで落ち着いた雰囲気の裏に、鋭い観察眼と独自の感性が息づいており、周囲の人の心の動きや場の空気を敏感に感じ取ります。大勢の中で目立つより、一対一や少人数の中で力を発揮し、安心できる環境にいるとあなた本来の魅力が輝きます。人を傷つけない言葉や態度を大切にし、静かに寄り添う姿勢は多くの人の心を温める才能。刺激に振り回されやすい部分がありますが、丁寧に積み重ねていく生き方があなたに合っています。無理に騒がしい場所へ飛び込まず、自分のペースを守るほど運が整っていくでしょう。”,“恋愛では、相手を思いやる気持ちが強く、ゆっくりと信頼関係を育てるタイプです。慎重で警戒心があるため、一気に距離を詰めるより、安心できる時間を積み重ねることで心を開いていきます。相手を大切にしようとするあまり、自分を後回しにしすぎて疲れてしまうことも。対話を大切にし、本音を少しずつ伝えることで恋はより良い方向へ進みます。あなたの優しさを尊重し、静かな時間を共有してくれる相手とは長続きしやすいでしょう。”,“仕事では、丁寧さと誠実さが最大の強み。コツコツと取り組む姿勢が評価され、裏方やサポート業務で特に能力を発揮します。人に合わせることが得意だからこそ、チームの調和を保つ存在として信頼されるタイプ。大きな変化や急な決断が苦手なので、計画性のある環境やルールが整った職場が向いています。焦りは禁物で、自分のペースを守ることで着実に成果をつかめるでしょう。”
銀のイルカ座,1,静かな好奇心で未来を照らす柔らかな導き手,“あなたは穏やかで控えめながら、内に強い感性と好奇心を秘めたタイプです。人前で派手に振る舞うことは少なく、慎重に状況を見極めながら動く性質があります。一度心を許した相手や安心できる環境では、本来の明るさとユーモアが自然と表に出て周囲を和ませます。自分のペースを大切にする生き方が合っており、無理な挑戦よりも丁寧に積み重ねる姿勢が運気上昇の鍵。気持ちが揺れやすい場面もありますが、あなたの柔らかな優しさと洞察力は大きな財産です。静かな場所ほど才能が育ち、あなたらしい生き方が形になっていくでしょう。”,“恋愛では、安心できる相手にだけ心を開き、ゆっくりと距離を縮めていくタイプです。好きになっても自分から積極的に動くことは少なく、相手の様子を見ながら慎重に進めます。無理に明るく振る舞うより、自然体でいられる関係を選ぶことが幸せのポイント。相手に合わせすぎると疲れやすいので、ときには本音を伝える勇気を持つことが恋の安定につながります。”,“仕事では、丁寧さと気配りが高く評価されるタイプ。サポート役や調整役として力を発揮し、相手の意図を理解する力が仕事の成功を後押しします。静かな環境で集中できると能力が上がり、雑音が多い環境では疲れやすくなる傾向が。急な変化が苦手なので、計画的に進められる仕事が向いています。誠実な姿勢が信頼を呼び、着実に成果につながるでしょう。”
銀のイルカ座,2,柔らかな感性で未来を紡ぐ静音の共感者,“あなたは繊細な感受性と落ち着いた気配りを持ち、周りの人を穏やかに包み込むような存在です。控えめに見えますが、実は鋭い観察眼と独自の意見も秘めており、物事の本質を静かに見抜く力があります。環境に左右されやすい部分はありますが、安心できる人や場所に出会うと、本来の明るさと柔らかいユーモアが自然と溢れます。感情に寄り添う能力が高く、人を傷つけないコミュニケーションはあなたの大きな強み。無理に明るさを装わず、自分のペースや静かな時間を大切にすると、運が整い才能が開花していくでしょう。”,“恋愛では、相手の気持ちに合わせる優しさが魅力で、静かに関係を育てていくタイプです。ただし気を遣いすぎて本音を言えず、疲れが溜まることも。あなたの繊細さを理解し、話を丁寧に聞いてくれる相手と相性が良いでしょう。ゆっくり進む恋ほど長続きし、安心感のある関係が幸せを引き寄せます。”,“仕事では、協調性と丁寧な姿勢が評価されます。周囲の変化を素早く察知し、サポート役として大きな力を発揮するタイプ。静かな環境での作業や、細かい気配りが求められる仕事が向いています。急なプレッシャーが苦手なので、計画的に進められる職場が理想的。焦らず確実に取り組むことで、大きな信頼と成果を得られるでしょう。”
銀のイルカ座,3,穏やかな直感で未来を紡ぐ柔光の創造者,“あなたは静かで優しい雰囲気をまといながら、内側には豊かな感性と柔らかな創造力を宿したタイプです。人の気持ちを受け取る力が高く、周囲の雰囲気に応じて自分のペースを自然に変えられる柔軟さがあります。控えめに見えても、好きな世界やこだわりのある趣味に触れると急に集中力が高まり、小さなことにも喜びを見つけられる性質の持ち主。外の刺激よりも、自分の中にある静かな情熱を大切にするタイプで、無理に人に合わせず、自分のリズムを守るほど運が安定します。あなたの柔らかな感性は、多くの人を癒し、静かに支える力となるでしょう。”,“恋愛では、相手に寄り添う優しさが魅力となり、穏やかで温かい関係を好みます。急展開の恋より、じっくり信頼を育てる恋が合っており、自分の気持ちを理解してくれる相手に強く惹かれます。気を遣いすぎてしまう面もありますが、正直な気持ちを少しずつ伝えることで絆が深まります。静かで落ち着いた恋が、あなたの心をもっと豊かにしてくれるでしょう。”,“仕事では、丁寧さと協調性が際立ち、サポート役として高評価を受けます。繊細な感性を活かせるクリエイティブな業務や、人の気持ちを理解する必要がある仕事に向いています。感情の波に左右されやすい面があるため、落ち着いた環境を選ぶと能力が最大限に発揮されます。コツコツ積み重ねる姿勢が、大きな成果へとつながるタイプです。”
銀のイルカ座,4,静かな優しさで未来を育てる透明な調律者,“あなたは柔らかく静かな雰囲気の中に、強い芯と繊細な観察力を秘めたタイプです。表には出さない思慮深さがあり、周囲の気持ちを理解しながら丁寧に関わろうとする姿勢が魅力。自分の感情より相手を優先してしまいやすく、気付けば疲れを抱え込んでしまうこともあるでしょう。しかし、その優しさが多くの人の救いになっている大切な資質です。人と穏やかに関わる世界で輝きやすく、急かされる環境や騒がしい場所は得意ではありません。自分の速度と心地よさを守るほど本来の力が育ち、静かに大きな成果へと繋がります。あなたの丁寧さと愛情深さは、時間と共にさらなる信頼を引き寄せていくでしょう。”“恋愛では、優しさと誠実さが相手に安心感を与え、ゆっくりと信頼を積み重ねる形で恋が進んでいきます。慎重で臆病な面があり、好きになってもすぐに気持ちを伝えられないタイプですが、時間をかけるほど深い愛情を育むことができます。相手に合わせすぎてしまうと負担が大きくなるため、自分の気持ちを少しずつ言葉にすることが恋を安定させるポイント。静かに寄り添ってくれる相手や、あなたの繊細さを理解してくれる人と相性が良いでしょう。”,“仕事では、丁寧さと根気強さが最大の武器になります。派手さはないものの、正確さが求められる業務や裏方の仕事で高く評価され、チームの信頼を一身に集めるタイプ。急な変化や無理な依頼が続くと心が疲れてしまうため、計画的な環境や落ち着いた職場が理想的です。あなたの誠実な働き方は着実に評価につながり、長期的な信頼と成果を築いていくでしょう。”
銀のイルカ座,5,静寂の中に光る柔らかな直感の探求者,“あなたは人の気持ちを深く理解しようとする繊細な優しさと、自分の内側に豊かな世界を持つタイプです。表向きは控えめで柔らかい印象ですが、実は鋭い感性と直感を備えており、人の言葉や雰囲気の奥にある“本音”を見抜く力があります。落ち着いた環境で才能を発揮し、安心できる人や場所に出会うことで一気に魅力が開花します。感受性が豊かで影響を受けやすい面もありますが、その分、他人の痛みや喜びに寄り添える稀有な力を持っています。無理にテンションを合わせようとせず、静かな自分のペースを守ることで運が整い、あなたの深い魅力がさらに輝くでしょう。”,“恋愛では、相手の気持ちを深く理解しようとしすぎて、自分の本音を隠してしまいがちなタイプ。慎重で傷つきやすい一面があり、心を開くまでに時間が必要ですが、信頼が築かれたときには優しく誠実な愛情を注ぎます。無理に明るく振る舞う必要はなく、ありのままの自分を尊重してくれる相手を選ぶことが幸せの鍵。穏やかな対話を重ねる恋ほど長続きし、温かい関係が育っていきます。”,“仕事では、誠実な姿勢と洞察力を活かし、丁寧な作業や人の気持ちに寄り添う業務で大きな力を発揮します。調整役として周囲から頼られ、細やかな気配りが必要な仕事に向いているタイプ。変化が多い職場は疲れやすいため、静かで落ち着いた環境が適しています。焦らずコツコツ積み上げることで、あなたの能力は確実に評価され、長期的な成果につながるでしょう。”
銀のイルカ座,6,静かな優しさで未来を整える柔光の調和者,“あなたは控えめで穏やかな性格の中に、人を包み込むような優しさと深い思いやりを宿したタイプです。一見おとなしく見えますが、相手を理解する力が高く、状況を冷静に受け止めて柔軟に動けるのが大きな魅力。人間関係や環境の変化に敏感で、静かで落ち着いた空気を好む傾向があります。無理をしながら明るく振る舞うと心が疲れてしまいやすいため、自分のペースを守りつつ丁寧に進む生き方が運を開きます。あなたの誠実さは周囲からの信頼を生み出し、時間をかけるほど大きな評価へと育っていくでしょう。”,“恋愛では、相手を大切にしたい気持ちが強く、優しく慎重に関係を育てていくタイプです。強引なアプローチやペースを乱す相手は苦手で、思いやりを持って寄り添ってくれる人に惹かれます。自分の感情より相手を優先しがちなので、ときには本音を言葉にすることが恋を安定させるポイント。静かな時間を共有しながら、ゆっくりと関係を深める恋が長続きします。”,“仕事では、誠実な姿勢と丁寧さが高く評価されます。サポート役としての適性が強く、細やかな気配りを求められる仕事で力を発揮。急な変化が続くと疲れが溜まるため、安定した職場や落ち着いた環境が最適です。コツコツと積み重ねる働き方が評価を呼び、あなたの持つ調整能力が長期的な成功へつながるでしょう。”
銀のイルカ座,7,静かな感性で未来を描く穏やかな創造旅人,“あなたは落ち着いた優しさと柔らかな感性を併せもち、周囲に安らぎを与える存在です。控えめで静かな印象ながら、内面は豊かで創造的な世界が広がっており、自分の好きなことに触れると一気に集中力を発揮します。周りに流されず、自分の中にある静かな情熱を大切にするタイプで、無理に明るく振る舞う必要はありません。人の気持ちを察する能力が高いため、繊細で傷つきやすい面もありますが、その優しさが多くの人の心を支えています。焦らず丁寧に積み重ねる生き方が運を整え、あなたの深い魅力を引き出してくれるでしょう。”,“恋愛では、慎重で傷つきやすいため、ゆっくりと信頼を育てる恋が向いています。急展開には不安を感じやすいですが、安心感を与えてくれる相手には深い愛情を注ぎます。相手に合わせすぎて疲れてしまうことがあるため、感情を少しずつ伝えていくことが恋を安定させる秘訣です。静かで落ち着いた関係が続くほど、あなたの愛情は穏やかに成熟していくでしょう。”,“仕事では、丁寧さと観察力を活かし、コツコツと積み上げる業務に適性があります。人の気持ちを理解する能力が高いため、調整役や相談役として力を発揮。急なプレッシャーや騒がしい環境は苦手なので、自分のペースを守れる職場を選ぶことが成功につながります。あなたの誠実な働き方は確かな信頼を生み、長期的な成果へとつながるでしょう。”
銀のイルカ座,8,静かな洞察で世界を整える柔らかな調和ランナー,“あなたは柔らかく落ち着いた空気を纏い、人の気持ちに丁寧に寄り添える繊細なタイプです。目立つことを求めず、静かな場所や穏やかな会話から多くの気づきを得る性質があります。一見控えめですが、内側には強いこだわりや深い感性が息づいており、自分の世界を丁寧に育てていく力があります。環境の影響を受けやすい反面、安心できる場所では本来の明るさが自然と表れ、周囲に優しい風を届ける存在に。急かされると心が乱れやすいので、ゆとりあるペースを守るほど運が安定し、あなたらしい魅力が大きく育っていくでしょう。”,“恋愛では、相手を思いやる優しさが強く、穏やかで誠実な関係を求めるタイプです。慎重な面があり、本音を隠したまま関係が進むこともありますが、ゆっくりと信頼を積み重ねることで深い愛が芽生えます。あなたのペースを尊重し、静かな時間を大切にしてくれる相手との相性が良く、長続きする恋が育っていきます。”,“仕事では、協調性と丁寧さが最大の強み。人の意図や空気を読んで動けるため、サポート役として大きな信頼を得ます。落ち着いた環境で実力が発揮されやすく、急な変化が続く場では疲れてしまうことも。計画的に進む職場や、静かに集中できる仕事が最適です。コツコツ積み重ねる姿勢が評価を呼び、長期的な成功につながるでしょう。”
銀のイルカ座,9,静かな感性で未来を旅する穏やかな自由想像者,“あなたは静けさの中に豊かな感性と自由な発想を秘め、人とは違う角度で世界を見ることができるタイプです。控えめながら独自の世界観を持ち、好きなことに触れると集中力が一気に高まり、深い洞察力を発揮します。人混みや激しい変化は苦手ですが、落ち着いた環境では能力が大きく伸びる傾向が。人に合わせすぎて心が疲れやすい部分もありますが、丁寧な気遣いや思いやりは多くの人に愛される魅力です。自分のペースと静かな時間を大切にすることで、あなたが持つ柔らかい創造性がゆっくりと形になっていくでしょう。”“恋愛では、ゆっくりと時間をかけて信頼を築くタイプ。急に距離を縮められると不安を感じやすいですが、安心できる相手には深く誠実な愛情を注ぎます。自分の気持ちを言葉にするのが苦手なため、対話を大切にしつつ本音を少しずつ伝えることで、恋が穏やかに成熟していきます。あなたの世界観を尊重してくれる相手と相性が良いでしょう。”,“仕事では、丁寧さと集中力を活かし、落ち着いた環境で大きな成果を出すタイプ。繊細な感性を必要とする仕事や、じっくり取り組む業務に向いています。急な変化やプレッシャーが続くとパフォーマンスが落ちやすいため、計画性があり静かな職場が理想的。あなたの誠実さと柔らかな発想が信頼を集め、着実な成功へとつながるでしょう。”
